Date,Forecast Pool Price,Actual Posted Pool Price,Forecast AIL,Actual AIL,Forecast AIL & Actual AIL Difference
"01/01/2022 01","68.22","65.64","10,793","10,746","47"
"01/01/2022 02","63.52","61.59","10,686","10,618","68"
"01/01/2022 03","54.71","56.67","10,556","10,499","57"
"01/01/2022 04","51.36","45.58","10,445","10,451","-6"
"01/01/2022 05","59.30","57.39","10,473","10,408","65"
"01/01/2022 06","58.71","58.11","10,390","10,401","-11"
"01/01/2022 07","54.02","53.37","10,436","10,438","-2"
"01/01/2022 08","36.62","41.23","10,478","10,529","-51"
"01/01/2022 09","40.93","40.92","10,598","10,576","22"
"01/01/2022 10","39.74","39.58","10,641","10,625","16"
"01/01/2022 11","42.39","41.14","10,827","10,756","71"
"01/01/2022 12","53.50","51.16","10,804","10,822","-18"
"01/01/2022 13","54.59","50.88","10,846","10,851","-5"
"01/01/2022 14","50.30","54.35","10,853","10,839","14"
"01/01/2022 15","59.92","52.48","10,800","10,747","53"
"01/01/2022 16","51.81","53.93","10,768","10,770","-2"
"01/01/2022 17","62.69","62.89","11,088","11,119","-31"
"01/01/2022 18","69.26","83.49","11,332","11,295","37"
"01/01/2022 19","69.15","69.75","11,245","11,141","104"
"01/01/2022 20","67.75","66.28","11,019","10,946","73"
"01/01/2022 21","65.38","55.82","10,832","10,787","45"
"01/01/2022 22","50.29","47.65","10,585","10,543","42"
"01/01/2022 23","46.73","46.66","10,358","10,289","69"
"01/01/2022 24","61.72","55.65","10,103","9,999","104"
"01/02/2022 01","42.35","48.74","9,850","9,846","4"
"01/02/2022 02","30.38","32.45","9,760","9,768","-8"
"01/02/2022 03","32.44","33.48","9,698","9,700","-2"
"01/02/2022 04","44.00","38.35","9,677","9,681","-4"
"01/02/2022 05","33.94","36.12","9,673","9,695","-22"
"01/02/2022 06","34.33","40.34","9,690","9,791","-101"
"01/02/2022 07","38.35","46.45","9,840","9,908","-68"
"01/02/2022 08","45.53","46.29","10,070","10,098","-28"
"01/02/2022 09","51.31","48.44","10,286","10,279","7"
"01/02/2022 10","51.03","42.75","10,364","10,377","-13"
"01/02/2022 11","40.57","38.62","10,527","10,510","17"
"01/02/2022 12","52.01","47.67","10,610","10,635","-25"
"01/02/2022 13","46.81","48.09","10,674","10,602","72"
"01/02/2022 14","40.98","49.11","10,585","10,594","-9"
"01/02/2022 15","52.33","51.94","10,596","10,631","-35"
"01/02/2022 16","53.57","49.52","10,691","10,744","-53"
"01/02/2022 17","52.79","59.43","10,928","11,061","-133"
"01/02/2022 18","68.16","70.95","11,372","11,351","21"
"01/02/2022 19","122.00","151.42","11,244","11,263","-19"
"01/02/2022 20","71.63","96.94","11,135","11,172","-37"
"01/02/2022 21","84.56","107.75","11,067","11,103","-36"
"01/02/2022 22","71.65","77.41","10,961","10,982","-21"
"01/02/2022 23","72.59","100.08","10,757","10,757","0"
"01/02/2022 24","108.16","90.69","10,520","10,487","33"
"01/03/2022 01","74.78","70.43","10,338","10,287","51"
"01/03/2022 02","69.74","70.25","10,219","10,192","27"
"01/03/2022 03","67.91","67.91","10,134","10,128","6"
"01/03/2022 04","67.16","68.25","10,125","10,177","-52"
"01/03/2022 05","84.33","70.66","10,240","10,225","15"
"01/03/2022 06","75.46","71.98","10,358","10,333","25"
"01/03/2022 07","87.96","74.25","10,597","10,558","39"
"01/03/2022 08","67.23","64.38","10,930","10,871","59"
"01/03/2022 09","74.21","79.04","11,031","11,139","-108"
"01/03/2022 10","172.91","170.74","11,224","11,251","-27"
"01/03/2022 11","153.18","218.04","11,327","11,394","-67"
"01/03/2022 12","149.05","148.77","11,425","11,463","-38"
"01/03/2022 13","165.88","176.62","11,477","11,533","-56"
"01/03/2022 14","173.78","186.47","11,533","11,554","-21"
"01/03/2022 15","212.47","176.13","11,510","11,516","-6"
"01/03/2022 16","163.51","131.95","11,546","11,573","-27"
"01/03/2022 17","157.49","117.08","11,711","11,784","-73"
"01/03/2022 18","143.40","140.51","11,988","11,939","49"
"01/03/2022 19","83.05","74.05","11,793","11,825","-32"
"01/03/2022 20","67.47","70.21","11,719","11,774","-55"
"01/03/2022 21","71.32","73.11","11,685","11,709","-24"
"01/03/2022 22","77.36","74.21","11,506","11,516","-10"
"01/03/2022 23","69.83","68.47","11,220","11,241","-21"
"01/03/2022 24","69.84","67.51","10,989","10,914","75"
"01/04/2022 01","55.37","56.14","10,721","10,716","5"
"01/04/2022 02","56.49","56.21","10,623","10,667","-44"
"01/04/2022 03","57.62","63.27","10,590","10,607","-17"
"01/04/2022 04","65.04","65.03","10,592","10,611","-19"
"01/04/2022 05","67.58","65.11","10,635","10,577","58"
"01/04/2022 06","66.71","67.21","10,685","10,657","28"
"01/04/2022 07","75.96","81.92","10,944","10,968","-24"
"01/04/2022 08","76.16","69.85","11,352","11,293","59"
"01/04/2022 09","70.25","70.49","11,450","11,519","-69"
"01/04/2022 10","79.46","77.87","11,540","11,567","-27"
"01/04/2022 11","84.59","84.56","11,643","11,641","2"
"01/04/2022 12","82.09","83.66","11,676","11,676","0"
"01/04/2022 13","79.47","82.74","11,676","11,677","-1"
"01/04/2022 14","73.61","75.23","11,666","11,668","-2"
"01/04/2022 15","75.28","86.31","11,655","11,664","-9"
"01/04/2022 16","100.75","157.44","11,696","11,710","-14"
"01/04/2022 17","369.96","331.45","11,778","11,804","-26"
"01/04/2022 18","717.00","684.78","11,940","11,823","117"
"01/04/2022 19","736.37","701.55","11,676","11,648","28"
"01/04/2022 20","303.70","608.82","11,515","11,476","39"
"01/04/2022 21","326.48","214.87","11,375","11,290","85"
"01/04/2022 22","81.00","95.12","11,171","11,196","-25"
"01/04/2022 23","78.97","76.71","10,998","10,990","8"
"01/04/2022 24","185.94","207.29","10,794","10,772","22"
"01/05/2022 01","89.88","91.31","10,629","10,638","-9"
"01/05/2022 02","83.21","83.11","10,566","10,566","0"
"01/05/2022 03","77.25","76.80","10,533","10,513","20"
"01/05/2022 04","78.25","77.77","10,502","10,495","7"
"01/05/2022 05","77.16","77.97","10,529","10,523","6"
"01/05/2022 06","82.00","79.00","10,663","10,619","44"
"01/05/2022 07","148.65","86.46","10,862","10,874","-12"
"01/05/2022 08","76.60","78.71","11,178","11,241","-63"
"01/05/2022 09","258.68","151.72","11,427","11,494","-67"
"01/05/2022 10","508.43","285.34","11,533","11,372","161"
"01/05/2022 11","457.49","419.64","11,368","11,417","-49"
"01/05/2022 12","557.90","498.48","11,493","11,489","4"
"01/05/2022 13","625.55","613.68","11,509","11,496","13"
"01/05/2022 14","655.22","616.63","11,502","11,410","92"
"01/05/2022 15","655.22","614.88","11,403","11,376","27"
"01/05/2022 16","565.28","549.98","11,437","11,395","42"
"01/05/2022 17","733.35","721.40","11,537","11,555","-18"
"01/05/2022 18","730.47","749.33","11,757","11,786","-29"
"01/05/2022 19","753.56","725.01","11,701","11,631","70"
"01/05/2022 20","680.86","679.20","11,540","11,473","67"
"01/05/2022 21","540.72","548.18","11,369","11,317","52"
"01/05/2022 22","430.60","329.02","11,147","11,072","75"
"01/05/2022 23","83.40","84.10","10,869","10,844","25"
"01/05/2022 24","301.99","222.74","10,648","10,617","31"
"01/06/2022 01","84.35","86.17","10,472","10,428","44"
"01/06/2022 02","83.57","83.79","10,366","10,352","14"
"01/06/2022 03","77.26","76.21","10,317","10,306","11"
"01/06/2022 04","63.44","63.03","10,314","10,311","3"
"01/06/2022 05","60.48","58.17","10,332","10,346","-14"
"01/06/2022 06","58.55","59.25","10,464","10,463","1"
"01/06/2022 07","75.52","68.94","10,758","10,770","-12"
"01/06/2022 08","74.55","70.00","11,125","11,113","12"
"01/06/2022 09","75.43","82.47","11,314","11,351","-37"
"01/06/2022 10","84.00","83.60","11,412","11,389","23"
"01/06/2022 11","83.30","83.52","11,448","11,495","-47"
"01/06/2022 12","87.03","85.94","11,544","11,580","-36"
"01/06/2022 13","476.06","262.93","11,567","11,537","30"
"01/06/2022 14","84.05","84.87","11,505","11,553","-48"
"01/06/2022 15","170.60","88.40","11,552","11,561","-9"
"01/06/2022 16","362.87","234.68","11,582","11,520","62"
"01/06/2022 17","215.51","310.04","11,530","11,629","-99"
"01/06/2022 18","504.84","495.55","11,822","11,787","35"
"01/06/2022 19","399.60","405.27","11,676","11,598","78"
"01/06/2022 20","228.86","194.66","11,463","11,471","-8"
"01/06/2022 21","83.97","120.00","11,384","11,373","11"
"01/06/2022 22","78.10","86.77","11,202","11,188","14"
"01/06/2022 23","73.68","76.33","10,971","10,972","-1"
"01/06/2022 24","81.99","79.21","10,783","10,753","30"
"01/07/2022 01","76.24","76.03","10,604","10,549","55"
"01/07/2022 02","70.21","71.67","10,468","10,447","21"
"01/07/2022 03","69.32","70.64","10,398","10,371","27"
"01/07/2022 04","68.12","68.63","10,350","10,373","-23"
"01/07/2022 05","68.81","70.25","10,382","10,375","7"
"01/07/2022 06","70.28","70.68","10,466","10,456","10"
"01/07/2022 07","78.33","73.16","10,691","10,670","21"
"01/07/2022 08","83.77","76.48","10,999","11,084","-85"
"01/07/2022 09","77.74","77.37","11,278","11,340","-62"
"01/07/2022 10","81.51","238.55","11,377","11,402","-25"
"01/07/2022 11","349.44","427.39","11,449","11,438","11"
"01/07/2022 12","750.05","715.44","11,451","11,451","0"
"01/07/2022 13","725.45","676.60","11,427","11,448","-21"
"01/07/2022 14","678.26","678.26","11,377","11,343","34"
"01/07/2022 15","686.38","676.61","11,315","11,358","-43"
"01/07/2022 16","647.12","634.18","11,324","11,342","-18"
"01/07/2022 17","716.48","639.40","11,471","11,523","-52"
"01/07/2022 18","532.54","484.51","11,716","11,751","-35"
"01/07/2022 19","326.21","318.09","11,613","11,555","58"
"01/07/2022 20","249.58","96.74","11,394","11,408","-14"
"01/07/2022 21","93.46","102.74","11,347","11,405","-58"
"01/07/2022 22","89.13","92.00","11,252","11,257","-5"
"01/07/2022 23","91.14","89.30","11,108","11,064","44"
"01/07/2022 24","95.99","88.61","10,822","10,791","31"
"01/08/2022 01","75.04","75.33","10,621","10,553","68"
"01/08/2022 02","74.40","71.92","10,472","10,467","5"
"01/08/2022 03","67.58","67.26","10,365","10,373","-8"
"01/08/2022 04","68.27","68.44","10,356","10,347","9"
"01/08/2022 05","69.39","71.11","10,353","10,360","-7"
"01/08/2022 06","74.68","75.04","10,370","10,388","-18"
"01/08/2022 07","75.20","74.09","10,454","10,470","-16"
"01/08/2022 08","59.35","66.54","10,659","10,664","-5"
"01/08/2022 09","74.97","73.68","10,825","10,863","-38"
"01/08/2022 10","76.23","100.06","11,040","11,044","-4"
"01/08/2022 11","110.54","117.94","11,198","11,113","85"
"01/08/2022 12","104.36","115.34","11,157","11,121","36"
"01/08/2022 13","110.25","108.98","11,125","11,089","36"
"01/08/2022 14","101.99","123.50","11,079","11,089","-10"
"01/08/2022 15","102.26","98.07","11,110","11,140","-30"
"01/08/2022 16","88.25","71.63","11,180","11,212","-32"
"01/08/2022 17","74.97","73.86","11,371","11,469","-98"
"01/08/2022 18","98.63","89.75","11,770","11,748","22"
"01/08/2022 19","97.66","75.91","11,600","11,629","-29"
"01/08/2022 20","50.77","46.77","11,449","11,468","-19"
"01/08/2022 21","48.06","42.07","11,337","11,288","49"
"01/08/2022 22","46.06","44.52","11,162","11,102","60"
"01/08/2022 23","42.12","40.78","10,892","10,891","1"
"01/08/2022 24","49.44","47.03","10,701","10,661","40"
"01/09/2022 01","46.91","38.33","10,510","10,481","29"
"01/09/2022 02","32.54","33.62","10,348","10,354","-6"
"01/09/2022 03","32.32","33.22","10,315","10,289","26"
"01/09/2022 04","39.77","40.09","10,278","10,279","-1"
"01/09/2022 05","46.98","45.44","10,264","10,270","-6"
"01/09/2022 06","57.53","58.09","10,299","10,318","-19"
"01/09/2022 07","53.46","59.74","10,400","10,439","-39"
"01/09/2022 08","63.25","65.89","10,584","10,602","-18"
"01/09/2022 09","75.63","72.65","10,810","10,772","38"
"01/09/2022 10","61.49","63.05","10,854","10,900","-46"
"01/09/2022 11","63.33","59.79","11,060","11,008","52"
"01/09/2022 12","56.67","56.30","11,089","11,087","2"
"01/09/2022 13","56.28","55.94","11,112","11,100","12"
"01/09/2022 14","55.55","55.54","11,087","11,088","-1"
"01/09/2022 15","56.43","57.49","11,095","11,099","-4"
"01/09/2022 16","59.52","58.45","11,155","11,124","31"
"01/09/2022 17","64.31","63.45","11,309","11,379","-70"
"01/09/2022 18","77.37","76.75","11,696","11,688","8"
"01/09/2022 19","70.35","62.58","11,579","11,512","67"
"01/09/2022 20","47.78","52.13","11,349","11,341","8"
"01/09/2022 21","51.72","51.00","11,191","11,182","9"
"01/09/2022 22","51.64","51.40","11,011","10,933","78"
"01/09/2022 23","48.15","42.40","10,684","10,604","80"
"01/09/2022 24","31.95","33.89","10,309","10,301","8"
"01/10/2022 01","31.33","28.88","10,164","10,136","28"
"01/10/2022 02","28.46","28.45","10,060","10,022","38"
"01/10/2022 03","28.38","28.32","9,966","9,912","54"
"01/10/2022 04","28.52","28.55","9,914","9,901","13"
"01/10/2022 05","30.51","30.21","9,974","10,034","-60"
"01/10/2022 06","35.76","30.84","10,166","10,180","-14"
"01/10/2022 07","39.71","40.03","10,479","10,518","-39"
"01/10/2022 08","48.01","48.50","10,927","10,944","-17"
"01/10/2022 09","52.38","51.91","11,059","11,015","44"
"01/10/2022 10","47.95","47.86","10,993","11,006","-13"
"01/10/2022 11","39.94","47.05","11,049","11,050","-1"
"01/10/2022 12","56.45","51.07","11,057","11,044","13"
"01/10/2022 13","57.70","54.70","11,030","10,978","52"
"01/10/2022 14","56.67","59.25","10,952","10,959","-7"
"01/10/2022 15","57.96","51.35","10,929","10,960","-31"
"01/10/2022 16","51.60","56.75","10,992","10,986","6"
"01/10/2022 17","60.70","48.09","11,142","11,100","42"
"01/10/2022 18","57.55","59.28","11,375","11,346","29"
"01/10/2022 19","66.19","49.36","11,209","11,018","191"
"01/10/2022 20","46.42","41.70","10,875","10,879","-4"
"01/10/2022 21","42.85","44.17","10,775","10,759","16"
"01/10/2022 22","50.52","45.35","10,543","10,527","16"
"01/10/2022 23","63.97","42.39","10,254","10,216","38"
"01/10/2022 24","32.59","37.78","9,958","9,888","70"
"01/11/2022 01","31.18","31.86","9,721","9,692","29"
"01/11/2022 02","46.33","37.01","9,609","9,607","2"
"01/11/2022 03","34.81","39.50","9,549","9,537","12"
"01/11/2022 04","44.68","42.17","9,532","9,518","14"
"01/11/2022 05","42.79","38.00","9,553","9,534","19"
"01/11/2022 06","45.55","52.50","9,667","9,656","11"
"01/11/2022 07","67.90","68.36","9,943","10,022","-79"
"01/11/2022 08","71.48","67.08","10,463","10,552","-89"
"01/11/2022 09","58.20","60.77","10,756","10,800","-44"
"01/11/2022 10","65.02","59.81","10,784","10,804","-20"
"01/11/2022 11","61.23","61.24","10,823","10,845","-22"
"01/11/2022 12","61.23","58.93","10,876","10,837","39"
"01/11/2022 13","57.89","60.83","10,803","10,780","23"
"01/11/2022 14","64.21","67.84","10,768","10,767","1"
"01/11/2022 15","116.13","71.61","10,753","10,722","31"
"01/11/2022 16","58.18","65.45","10,744","10,745","-1"
"01/11/2022 17","72.07","71.56","10,917","10,900","17"
"01/11/2022 18","87.36","126.11","11,128","11,142","-14"
"01/11/2022 19","49.08","69.36","10,995","10,990","5"
"01/11/2022 20","58.57","59.30","10,822","10,877","-55"
"01/11/2022 21","75.72","68.40","10,765","10,778","-13"
"01/11/2022 22","68.47","65.75","10,534","10,531","3"
"01/11/2022 23","62.95","61.03","10,236","10,212","24"
"01/11/2022 24","57.98","61.89","9,945","9,918","27"
"01/12/2022 01","54.14","57.10","9,774","9,722","52"
"01/12/2022 02","52.96","53.32","9,608","9,631","-23"
"01/12/2022 03","40.56","51.79","9,568","9,600","-32"
"01/12/2022 04","57.65","53.23","9,553","9,598","-45"
"01/12/2022 05","55.66","52.96","9,642","9,643","-1"
"01/12/2022 06","54.90","55.11","9,786","9,767","19"
"01/12/2022 07","63.29","60.27","10,065","10,077","-12"
"01/12/2022 08","66.54","66.51","10,479","10,519","-40"
"01/12/2022 09","69.32","73.42","10,664","10,753","-89"
"01/12/2022 10","213.60","163.68","10,749","10,784","-35"
"01/12/2022 11","73.03","72.61","10,788","10,797","-9"
"01/12/2022 12","83.13","76.93","10,843","10,863","-20"
"01/12/2022 13","73.90","77.55","10,817","10,808","9"
"01/12/2022 14","74.72","73.31","10,784","10,747","37"
"01/12/2022 15","67.93","66.17","10,706","10,700","6"
"01/12/2022 16","69.00","69.42","10,729","10,745","-16"
"01/12/2022 17","73.49","76.00","10,907","10,922","-15"
"01/12/2022 18","94.16","123.13","11,144","11,126","18"
"01/12/2022 19","133.23","219.33","10,974","10,926","48"
"01/12/2022 20","117.04","404.18","10,739","10,673","66"
"01/12/2022 21","514.94","563.31","10,502","10,497","5"
"01/12/2022 22","402.18","378.84","10,274","10,263","11"
"01/12/2022 23","94.49","83.16","10,011","10,026","-15"
"01/12/2022 24","69.42","66.45","9,793","9,799","-6"
"01/13/2022 01","63.15","46.82","9,654","9,594","60"
"01/13/2022 02","33.00","36.67","9,504","9,545","-41"
"01/13/2022 03","45.00","38.78","9,513","9,564","-51"
"01/13/2022 04","33.09","33.07","9,537","9,542","-5"
"01/13/2022 05","39.92","33.99","9,573","9,572","1"
"01/13/2022 06","35.86","36.22","9,718","9,742","-24"
"01/13/2022 07","54.65","47.81","10,051","10,067","-16"
"01/13/2022 08","49.84","55.26","10,481","10,550","-69"
"01/13/2022 09","54.39","53.68","10,770","10,759","11"
"01/13/2022 10","53.78","59.08","10,737","10,705","32"
"01/13/2022 11","62.54","52.22","10,704","10,719","-15"
"01/13/2022 12","45.00","53.90","10,763","10,747","16"
"01/13/2022 13","52.96","55.26","10,717","10,717","0"
"01/13/2022 14","63.30","64.90","10,686","10,697","-11"
"01/13/2022 15","60.93","65.51","10,679","10,731","-52"
"01/13/2022 16","71.72","71.65","10,805","10,859","-54"
"01/13/2022 17","142.11","179.85","11,016","10,996","20"
"01/13/2022 18","184.87","208.97","11,169","11,148","21"
"01/13/2022 19","82.46","73.62","10,972","10,904","68"
"01/13/2022 20","72.73","78.12","10,786","10,754","32"
"01/13/2022 21","69.06","73.57","10,602","10,600","2"
"01/13/2022 22","221.40","71.76","10,429","10,402","27"
"01/13/2022 23","65.37","63.71","10,141","10,055","86"
"01/13/2022 24","60.48","60.05","9,812","9,826","-14"
"01/14/2022 01","60.60","60.68","9,682","9,738","-56"
"01/14/2022 02","60.68","60.68","9,663","9,672","-9"
"01/14/2022 03","60.47","60.24","9,603","9,592","11"
"01/14/2022 04","52.96","58.56","9,585","9,611","-26"
"01/14/2022 05","60.37","61.32","9,641","9,653","-12"
"01/14/2022 06","69.49","68.25","9,797","9,825","-28"
"01/14/2022 07","71.33","72.38","10,150","10,171","-21"
"01/14/2022 08","70.76","194.43","10,571","10,584","-13"
"01/14/2022 09","593.21","459.52","10,745","10,698","47"
"01/14/2022 10","109.67","215.99","10,697","10,677","20"
"01/14/2022 11","70.85","71.72","10,665","10,748","-83"
"01/14/2022 12","72.40","72.50","10,786","10,816","-30"
"01/14/2022 13","72.74","67.75","10,797","10,740","57"
"01/14/2022 14","67.81","63.48","10,695","10,777","-82"
"01/14/2022 15","58.61","58.71","10,751","10,756","-5"
"01/14/2022 16","54.61","57.60","10,764","10,793","-29"
"01/14/2022 17","55.48","43.55","10,936","10,943","-7"
"01/14/2022 18","56.35","55.10","11,152","11,145","7"
"01/14/2022 19","42.82","42.55","11,010","11,053","-43"
"01/14/2022 20","56.74","54.08","10,896","10,858","38"
"01/14/2022 21","49.20","50.86","10,718","10,686","32"
"01/14/2022 22","49.63","51.86","10,524","10,489","35"
"01/14/2022 23","39.06","40.18","10,229","10,238","-9"
"01/14/2022 24","43.94","40.26","9,966","9,960","6"
"01/15/2022 01","43.69","45.79","9,773","9,737","36"
"01/15/2022 02","39.83","38.12","9,607","9,557","50"
"01/15/2022 03","39.18","39.67","9,479","9,436","43"
"01/15/2022 04","39.75","38.41","9,375","9,380","-5"
"01/15/2022 05","33.47","35.65","9,380","9,409","-29"
"01/15/2022 06","36.79","38.99","9,418","9,467","-49"
"01/15/2022 07","36.64","39.47","9,549","9,591","-42"
"01/15/2022 08","47.62","47.93","9,806","9,815","-9"
"01/15/2022 09","57.44","58.61","10,004","10,094","-90"
"01/15/2022 10","59.46","60.11","10,185","10,178","7"
"01/15/2022 11","58.48","58.53","10,275","10,271","4"
"01/15/2022 12","60.07","59.91","10,328","10,291","37"
"01/15/2022 13","53.90","58.04","10,306","10,301","5"
"01/15/2022 14","57.17","53.05","10,253","10,279","-26"
"01/15/2022 15","49.61","44.63","10,253","10,258","-5"
"01/15/2022 16","44.09","43.90","10,292","10,300","-8"
"01/15/2022 17","61.66","59.30","10,465","10,375","90"
"01/15/2022 18","68.32","68.54","10,625","10,646","-21"
"01/15/2022 19","67.95","62.89","10,583","10,581","2"
"01/15/2022 20","53.02","54.66","10,482","10,519","-37"
"01/15/2022 21","53.13","52.84","10,405","10,432","-27"
"01/15/2022 22","59.61","53.84","10,287","10,267","20"
"01/15/2022 23","51.56","52.32","10,074","10,076","-2"
"01/15/2022 24","52.27","53.43","9,845","9,805","40"
"01/16/2022 01","49.91","51.04","9,625","9,578","47"
"01/16/2022 02","47.53","48.32","9,476","9,469","7"
"01/16/2022 03","47.14","47.14","9,412","9,472","-60"
"01/16/2022 04","49.10","46.47","9,474","9,475","-1"
"01/16/2022 05","50.61","51.78","9,479","9,473","6"
"01/16/2022 06","53.47","48.37","9,507","9,472","35"
"01/16/2022 07","52.51","56.88","9,540","9,582","-42"
"01/16/2022 08","52.02","52.22","9,786","9,820","-34"
"01/16/2022 09","56.99","54.06","10,021","9,998","23"
"01/16/2022 10","59.14","59.42","10,142","10,140","2"
"01/16/2022 11","59.42","63.70","10,241","10,302","-61"
"01/16/2022 12","58.46","54.61","10,345","10,377","-32"
"01/16/2022 13","38.03","48.41","10,406","10,412","-6"
"01/16/2022 14","50.64","42.93","10,399","10,408","-9"
"01/16/2022 15","37.91","33.60","10,431","10,429","2"
"01/16/2022 16","35.61","38.10","10,487","10,514","-27"
"01/16/2022 17","58.18","53.33","10,692","10,690","2"
"01/16/2022 18","62.35","60.76","11,014","11,039","-25"
"01/16/2022 19","46.38","57.11","10,944","10,918","26"
"01/16/2022 20","47.46","45.27","10,760","10,766","-6"
"01/16/2022 21","36.20","42.91","10,614","10,617","-3"
"01/16/2022 22","60.68","57.53","10,429","10,394","35"
"01/16/2022 23","45.55","43.42","10,161","10,122","39"
"01/16/2022 24","40.33","38.60","9,869","9,864","5"
"01/17/2022 01","34.80","32.37","9,673","9,650","23"
"01/17/2022 02","29.93","30.13","9,575","9,554","21"
"01/17/2022 03","31.01","32.82","9,482","9,513","-31"
"01/17/2022 04","40.62","34.76","9,515","9,540","-25"
"01/17/2022 05","35.36","34.46","9,592","9,588","4"
"01/17/2022 06","47.70","42.76","9,745","9,730","15"
"01/17/2022 07","55.96","54.99","10,052","10,154","-102"
"01/17/2022 08","53.44","61.07","10,609","10,604","5"
"01/17/2022 09","67.50","62.11","10,763","10,820","-57"
"01/17/2022 10","63.45","60.61","10,822","10,825","-3"
"01/17/2022 11","58.48","57.72","10,854","10,876","-22"
"01/17/2022 12","53.46","50.16","10,873","10,890","-17"
"01/17/2022 13","49.32","49.68","10,847","10,863","-16"
"01/17/2022 14","46.56","46.34","10,883","10,873","10"
"01/17/2022 15","54.14","46.05","10,835","10,864","-29"
"01/17/2022 16","48.47","54.14","10,913","10,996","-83"
"01/17/2022 17","68.26","64.27","11,169","11,220","-51"
"01/17/2022 18","69.33","68.09","11,467","11,460","7"
"01/17/2022 19","66.45","61.98","11,329","11,349","-20"
"01/17/2022 20","44.03","54.38","11,207","11,157","50"
"01/17/2022 21","43.70","45.88","11,030","11,076","-46"
"01/17/2022 22","53.13","54.40","10,887","10,942","-55"
"01/17/2022 23","52.73","52.67","10,656","10,642","14"
"01/17/2022 24","51.13","44.70","10,367","10,374","-7"
"01/18/2022 01","44.08","44.05","10,214","10,216","-2"
"01/18/2022 02","44.60","44.94","10,137","10,083","54"
"01/18/2022 03","44.23","44.73","10,029","9,995","34"
"01/18/2022 04","44.30","42.64","9,993","9,959","34"
"01/18/2022 05","44.55","48.51","9,999","10,020","-21"
"01/18/2022 06","52.45","53.26","10,188","10,185","3"
"01/18/2022 07","63.55","74.34","10,486","10,576","-90"
"01/18/2022 08","97.02","90.00","11,005","11,035","-30"
"01/18/2022 09","71.71","198.59","11,187","11,226","-39"
"01/18/2022 10","71.14","112.19","11,216","11,248","-32"
"01/18/2022 11","69.34","72.35","11,290","11,295","-5"
"01/18/2022 12","77.34","71.62","11,343","11,286","57"
"01/18/2022 13","86.66","93.21","11,257","11,253","4"
"01/18/2022 14","70.76","70.75","11,218","11,178","40"
"01/18/2022 15","75.09","71.05","11,167","11,151","16"
"01/18/2022 16","81.40","89.14","11,188","11,214","-26"
"01/18/2022 17","283.32","150.91","11,340","11,348","-8"
"01/18/2022 18","569.04","499.66","11,513","11,564","-51"
"01/18/2022 19","491.09","308.05","11,456","11,416","40"
"01/18/2022 20","88.10","95.50","11,282","11,388","-106"
"01/18/2022 21","94.71","90.00","11,313","11,305","8"
"01/18/2022 22","83.38","82.71","11,130","11,111","19"
"01/18/2022 23","167.67","84.82","10,872","10,812","60"
"01/18/2022 24","81.13","80.10","10,570","10,598","-28"
"01/19/2022 01","115.13","81.10","10,471","10,441","30"
"01/19/2022 02","76.96","75.13","10,369","10,383","-14"
"01/19/2022 03","75.44","74.03","10,344","10,362","-18"
"01/19/2022 04","68.67","68.69","10,349","10,349","0"
"01/19/2022 05","72.44","70.66","10,379","10,381","-2"
"01/19/2022 06","75.41","72.71","10,517","10,522","-5"
"01/19/2022 07","101.55","83.84","10,818","10,879","-61"
"01/19/2022 08","84.00","79.16","11,254","11,332","-78"
"01/19/2022 09","79.29","77.32","11,501","11,477","24"
"01/19/2022 10","67.39","64.27","11,442","11,453","-11"
"01/19/2022 11","63.45","60.10","11,475","11,439","36"
"01/19/2022 12","59.77","59.24","11,446","11,423","23"
"01/19/2022 13","67.25","66.49","11,380","11,338","42"
"01/19/2022 14","63.44","61.81","11,296","11,259","37"
"01/19/2022 15","58.11","58.16","11,227","11,189","38"
"01/19/2022 16","57.77","57.35","11,208","11,223","-15"
"01/19/2022 17","63.76","62.71","11,373","11,426","-53"
"01/19/2022 18","74.33","73.29","11,652","11,723","-71"
"01/19/2022 19","70.03","64.07","11,628","11,611","17"
"01/19/2022 20","53.67","51.18","11,456","11,443","13"
"01/19/2022 21","53.08","50.26","11,310","11,271","39"
"01/19/2022 22","50.33","50.20","11,056","11,057","-1"
"01/19/2022 23","49.01","48.97","10,791","10,776","15"
"01/19/2022 24","51.32","48.74","10,543","10,515","28"
"01/20/2022 01","55.25","52.60","10,362","10,282","80"
"01/20/2022 02","49.12","47.52","10,151","10,104","47"
"01/20/2022 03","45.96","45.00","10,041","10,077","-36"
"01/20/2022 04","48.01","44.86","10,069","10,068","1"
"01/20/2022 05","46.77","45.80","10,091","10,090","1"
"01/20/2022 06","50.50","49.87","10,196","10,160","36"
"01/20/2022 07","55.88","55.14","10,397","10,418","-21"
"01/20/2022 08","57.88","57.13","10,798","10,812","-14"
"01/20/2022 09","57.78","64.50","10,978","11,010","-32"
"01/20/2022 10","60.89","60.12","11,002","11,046","-44"
"01/20/2022 11","69.55","58.95","11,044","11,018","26"
"01/20/2022 12","57.64","57.20","10,990","10,978","12"
"01/20/2022 13","53.90","63.84","10,927","10,947","-20"
"01/20/2022 14","53.51","52.43","10,885","10,883","2"
"01/20/2022 15","53.78","50.94","10,885","10,843","42"
"01/20/2022 16","49.61","50.11","10,827","10,797","30"
"01/20/2022 17","52.62","53.24","10,916","10,866","50"
"01/20/2022 18","67.90","65.59","11,075","11,046","29"
"01/20/2022 19","62.87","56.41","10,950","10,920","30"
"01/20/2022 20","52.67","51.47","10,796","10,787","9"
"01/20/2022 21","46.58","45.74","10,659","10,607","52"
"01/20/2022 22","51.65","50.27","10,410","10,423","-13"
"01/20/2022 23","52.92","50.64","10,170","10,159","11"
"01/20/2022 24","44.10","48.08","9,919","9,873","46"
"01/21/2022 01","38.72","37.57","9,711","9,694","17"
"01/21/2022 02","37.95","36.58","9,594","9,594","0"
"01/21/2022 03","37.61","39.35","9,543","9,524","19"
"01/21/2022 04","40.55","41.35","9,513","9,491","22"
"01/21/2022 05","46.55","47.23","9,499","9,492","7"
"01/21/2022 06","49.76","49.55","9,645","9,669","-24"
"01/21/2022 07","55.87","58.73","9,997","10,023","-26"
"01/21/2022 08","60.63","66.26","10,429","10,448","-19"
"01/21/2022 09","149.94","168.84","10,666","10,666","0"
"01/21/2022 10","77.93","69.42","10,692","10,704","-12"
"01/21/2022 11","65.68","80.00","10,768","10,778","-10"
"01/21/2022 12","109.06","96.41","10,801","10,781","20"
"01/21/2022 13","57.45","54.02","10,762","10,750","12"
"01/21/2022 14","52.78","48.30","10,737","10,774","-37"
"01/21/2022 15","49.00","48.52","10,773","10,760","13"
"01/21/2022 16","47.58","46.34","10,768","10,725","43"
"01/21/2022 17","64.05","60.19","10,852","10,766","86"
"01/21/2022 18","59.65","61.40","10,991","10,998","-7"
"01/21/2022 19","60.00","57.17","10,905","10,876","29"
"01/21/2022 20","49.87","53.71","10,707","10,770","-63"
"01/21/2022 21","50.80","44.28","10,665","10,641","24"
"01/21/2022 22","42.64","40.77","10,459","10,439","20"
"01/21/2022 23","42.66","40.86","10,205","10,217","-12"
"01/21/2022 24","45.19","44.06","10,013","10,001","12"
"01/22/2022 01","44.64","43.53","9,835","9,792","43"
"01/22/2022 02","42.62","42.98","9,673","9,634","39"
"01/22/2022 03","40.33","40.40","9,552","9,567","-15"
"01/22/2022 04","39.59","39.27","9,514","9,510","4"
"01/22/2022 05","36.42","36.56","9,492","9,469","23"
"01/22/2022 06","36.21","31.66","9,503","9,509","-6"
"01/22/2022 07","35.20","32.75","9,633","9,659","-26"
"01/22/2022 08","34.95","35.23","9,873","9,836","37"
"01/22/2022 09","40.72","41.53","10,044","10,052","-8"
"01/22/2022 10","43.98","47.03","10,120","10,135","-15"
"01/22/2022 11","55.41","54.17","10,258","10,218","40"
"01/22/2022 12","56.85","56.22","10,302","10,262","40"
"01/22/2022 13","55.00","54.84","10,240","10,223","17"
"01/22/2022 14","55.00","66.48","10,165","10,155","10"
"01/22/2022 15","58.83","58.90","10,127","10,115","12"
"01/22/2022 16","62.22","58.90","10,175","10,161","14"
"01/22/2022 17","71.77","58.90","10,341","10,321","20"
"01/22/2022 18","84.33","81.01","10,599","10,560","39"
"01/22/2022 19","76.71","66.93","10,492","10,500","-8"
"01/22/2022 20","40.19","38.89","10,342","10,314","28"
"01/22/2022 21","37.67","37.62","10,197","10,171","26"
"01/22/2022 22","39.76","38.99","10,044","10,003","41"
"01/22/2022 23","40.45","39.19","9,824","9,788","36"
"01/22/2022 24","34.28","35.61","9,605","9,597","8"
"01/23/2022 01","29.17","30.04","9,438","9,431","7"
"01/23/2022 02","29.48","29.55","9,325","9,353","-28"
"01/23/2022 03","29.56","28.78","9,308","9,280","28"
"01/23/2022 04","27.32","28.38","9,248","9,250","-2"
"01/23/2022 05","27.91","28.87","9,234","9,254","-20"
"01/23/2022 06","28.28","29.44","9,254","9,256","-2"
"01/23/2022 07","32.58","35.38","9,324","9,371","-47"
"01/23/2022 08","33.42","36.23","9,548","9,499","49"
"01/23/2022 09","38.87","39.17","9,692","9,730","-38"
"01/23/2022 10","42.17","43.25","9,851","9,871","-20"
"01/23/2022 11","48.87","44.82","10,024","10,012","12"
"01/23/2022 12","45.32","44.16","10,108","10,078","30"
"01/23/2022 13","42.53","44.33","10,134","10,128","6"
"01/23/2022 14","47.25","49.99","10,104","10,087","17"
"01/23/2022 15","52.40","49.32","10,095","10,112","-17"
"01/23/2022 16","54.13","50.35","10,186","10,149","37"
"01/23/2022 17","63.57","70.36","10,369","10,362","7"
"01/23/2022 18","70.78","80.41","10,667","10,693","-26"
"01/23/2022 19","62.08","49.70","10,653","10,661","-8"
"01/23/2022 20","48.57","74.47","10,574","10,526","48"
"01/23/2022 21","74.92","389.33","10,397","10,295","102"
"01/23/2022 22","422.87","443.18","10,062","9,953","109"
"01/23/2022 23","56.20","57.27","9,757","9,784","-27"
"01/23/2022 24","54.32","58.19","9,619","9,617","2"
"01/24/2022 01","58.39","76.78","9,461","9,480","-19"
"01/24/2022 02","98.85","84.06","9,427","9,378","49"
"01/24/2022 03","70.10","72.09","9,349","9,392","-43"
"01/24/2022 04","49.96","49.68","9,404","9,388","16"
"01/24/2022 05","49.49","49.07","9,456","9,384","72"
"01/24/2022 06","53.07","54.46","9,531","9,530","1"
"01/24/2022 07","63.61","65.89","9,864","9,961","-97"
"01/24/2022 08","49.81","57.41","10,421","10,448","-27"
"01/24/2022 09","62.43","61.81","10,646","10,681","-35"
"01/24/2022 10","67.58","67.64","10,682","10,717","-35"
"01/24/2022 11","74.51","71.39","10,754","10,793","-39"
"01/24/2022 12","87.02","69.86","10,829","10,807","22"
"01/24/2022 13","71.39","80.20","10,799","10,847","-48"
"01/24/2022 14","68.02","79.46","10,852","10,901","-49"
"01/24/2022 15","94.39","66.18","10,894","10,840","54"
"01/24/2022 16","62.92","62.23","10,844","10,809","35"
"01/24/2022 17","61.15","302.39","10,947","10,935","12"
"01/24/2022 18","945.91","613.84","11,162","11,001","161"
"01/24/2022 19","576.60","387.08","10,873","10,840","33"
"01/24/2022 20","64.05","97.52","10,675","10,727","-52"
"01/24/2022 21","211.78","146.63","10,658","10,606","52"
"01/24/2022 22","84.08","142.81","10,392","10,405","-13"
"01/24/2022 23","58.78","62.13","10,142","10,111","31"
"01/24/2022 24","208.71","248.98","9,887","9,864","23"
"01/25/2022 01","69.93","69.81","9,731","9,716","15"
"01/25/2022 02","71.68","69.81","9,641","9,641","0"
"01/25/2022 03","69.76","69.87","9,592","9,566","26"
"01/25/2022 04","69.55","69.13","9,588","9,546","42"
"01/25/2022 05","68.03","65.88","9,559","9,508","51"
"01/25/2022 06","69.89","72.41","9,580","9,604","-24"
"01/25/2022 07","167.86","114.71","9,935","9,984","-49"
"01/25/2022 08","150.72","69.26","10,395","10,434","-39"
"01/25/2022 09","65.28","58.14","10,620","10,606","14"
"01/25/2022 10","53.78","50.71","10,582","10,631","-49"
"01/25/2022 11","50.43","50.43","10,660","10,633","27"
"01/25/2022 12","49.91","50.15","10,633","10,647","-14"
"01/25/2022 13","57.18","65.16","10,614","10,592","22"
"01/25/2022 14","66.97","63.30","10,551","10,547","4"
"01/25/2022 15","59.35","52.36","10,511","10,481","30"
"01/25/2022 16","48.68","49.40","10,496","10,473","23"
"01/25/2022 17","60.97","53.54","10,633","10,593","40"
"01/25/2022 18","66.88","122.82","10,790","10,828","-38"
"01/25/2022 19","72.57","66.18","10,765","10,709","56"
"01/25/2022 20","49.35","50.35","10,527","10,509","18"
"01/25/2022 21","56.76","50.38","10,377","10,374","3"
"01/25/2022 22","49.05","48.66","10,178","10,071","107"
"01/25/2022 23","44.97","43.56","9,865","9,849","16"
"01/25/2022 24","42.71","42.03","9,639","9,672","-33"
"01/26/2022 01","47.06","39.72","9,555","9,479","76"
"01/26/2022 02","36.30","39.67","9,376","9,378","-2"
"01/26/2022 03","39.69","46.15","9,308","9,314","-6"
"01/26/2022 04","48.06","46.76","9,284","9,280","4"
"01/26/2022 05","46.69","44.74","9,319","9,341","-22"
"01/26/2022 06","52.72","55.28","9,477","9,472","5"
"01/26/2022 07","93.29","95.81","9,797","9,877","-80"
"01/26/2022 08","176.67","374.18","10,287","10,273","14"
"01/26/2022 09","68.94","178.02","10,347","10,355","-8"
"01/26/2022 10","131.58","90.90","10,342","10,407","-65"
"01/26/2022 11","68.08","79.60","10,456","10,540","-84"
"01/26/2022 12","67.61","114.72","10,584","10,571","13"
"01/26/2022 13","212.55","133.23","10,574","10,540","34"
"01/26/2022 14","69.91","80.00","10,505","10,555","-50"
"01/26/2022 15","177.10","156.59","10,541","10,535","6"
"01/26/2022 16","108.86","74.46","10,556","10,548","8"
"01/26/2022 17","68.36","67.46","10,690","10,676","14"
"01/26/2022 18","67.57","150.54","10,866","10,908","-42"
"01/26/2022 19","129.02","203.58","10,836","10,821","15"
"01/26/2022 20","122.86","99.41","10,678","10,644","34"
"01/26/2022 21","67.78","68.24","10,472","10,463","9"
"01/26/2022 22","67.62","66.64","10,296","10,274","22"
"01/26/2022 23","58.51","58.78","10,014","10,022","-8"
"01/26/2022 24","53.78","53.46","9,776","9,744","32"
"01/27/2022 01","49.17","50.01","9,605","9,536","69"
"01/27/2022 02","55.54","56.52","9,470","9,451","19"
"01/27/2022 03","61.22","61.91","9,390","9,424","-34"
"01/27/2022 04","62.30","62.32","9,420","9,411","9"
"01/27/2022 05","65.61","67.32","9,445","9,451","-6"
"01/27/2022 06","74.75","123.98","9,601","9,634","-33"
"01/27/2022 07","278.69","181.93","9,946","9,913","33"
"01/27/2022 08","388.81","287.31","10,328","10,298","30"
"01/27/2022 09","130.35","113.50","10,461","10,533","-72"
"01/27/2022 10","69.95","64.70","10,563","10,621","-58"
"01/27/2022 11","64.29","65.23","10,681","10,723","-42"
"01/27/2022 12","61.23","60.99","10,736","10,756","-20"
"01/27/2022 13","56.30","55.20","10,723","10,723","0"
"01/27/2022 14","49.05","49.16","10,689","10,675","14"
"01/27/2022 15","55.81","49.23","10,658","10,617","41"
"01/27/2022 16","59.25","57.30","10,622","10,623","-1"
"01/27/2022 17","64.88","61.06","10,765","10,708","57"
"01/27/2022 18","63.80","60.72","10,894","10,924","-30"
"01/27/2022 19","50.70","51.78","10,895","10,883","12"
"01/27/2022 20","48.20","48.59","10,736","10,734","2"
"01/27/2022 21","48.53","48.19","10,586","10,527","59"
"01/27/2022 22","48.44","48.31","10,355","10,360","-5"
"01/27/2022 23","47.07","47.08","10,156","10,158","-2"
"01/27/2022 24","46.20","45.61","9,923","9,820","103"
"01/28/2022 01","48.63","48.01","9,662","9,671","-9"
"01/28/2022 02","48.07","48.07","9,589","9,582","7"
"01/28/2022 03","47.88","47.10","9,543","9,530","13"
"01/28/2022 04","47.45","45.71","9,544","9,512","32"
"01/28/2022 05","36.23","39.66","9,534","9,555","-21"
"01/28/2022 06","42.48","40.87","9,693","9,708","-15"
"01/28/2022 07","50.80","48.61","10,037","10,002","35"
"01/28/2022 08","68.12","63.90","10,381","10,389","-8"
"01/28/2022 09","67.25","70.35","10,525","10,567","-42"
"01/28/2022 10","73.02","69.47","10,593","10,658","-65"
"01/28/2022 11","54.80","63.58","10,673","10,739","-66"
"01/28/2022 12","54.81","52.36","10,742","10,715","27"
"01/28/2022 13","45.69","45.69","10,651","10,619","32"
"01/28/2022 14","45.69","45.48","10,560","10,521","39"
"01/28/2022 15","45.74","45.20","10,497","10,467","30"
"01/28/2022 16","41.31","43.15","10,423","10,396","27"
"01/28/2022 17","47.97","47.72","10,495","10,470","25"
"01/28/2022 18","49.28","49.17","10,672","10,640","32"
"01/28/2022 19","48.80","47.96","10,571","10,596","-25"
"01/28/2022 20","46.27","46.72","10,462","10,465","-3"
"01/28/2022 21","50.05","49.05","10,335","10,327","8"
"01/28/2022 22","49.79","48.70","10,154","10,149","5"
"01/28/2022 23","48.04","48.47","9,971","9,980","-9"
"01/28/2022 24","48.46","48.60","9,748","9,734","14"
"01/29/2022 01","49.05","49.20","9,544","9,527","17"
"01/29/2022 02","49.38","49.38","9,397","9,378","19"
"01/29/2022 03","48.92","48.79","9,321","9,329","-8"
"01/29/2022 04","48.14","48.14","9,308","9,339","-31"
"01/29/2022 05","48.07","48.91","9,341","9,352","-11"
"01/29/2022 06","49.27","49.44","9,401","9,406","-5"
"01/29/2022 07","62.11","58.98","9,505","9,496","9"
"01/29/2022 08","56.70","62.46","9,722","9,737","-15"
"01/29/2022 09","67.81","65.54","9,967","9,914","53"
"01/29/2022 10","63.97","55.02","10,030","10,043","-13"
"01/29/2022 11","49.07","49.07","10,120","10,059","61"
"01/29/2022 12","49.24","49.03","10,101","10,064","37"
"01/29/2022 13","50.38","49.44","10,065","10,111","-46"
"01/29/2022 14","60.10","54.79","10,075","10,070","5"
"01/29/2022 15","49.09","48.95","10,049","10,068","-19"
"01/29/2022 16","50.31","48.76","10,122","10,117","5"
"01/29/2022 17","53.47","54.03","10,270","10,251","19"
"01/29/2022 18","66.50","63.63","10,470","10,419","51"
"01/29/2022 19","65.48","66.85","10,408","10,398","10"
"01/29/2022 20","69.98","64.39","10,264","10,252","12"
"01/29/2022 21","57.57","60.14","10,117","10,089","28"
"01/29/2022 22","60.30","54.78","9,978","10,000","-22"
"01/29/2022 23","54.22","52.50","9,843","9,829","14"
"01/29/2022 24","50.80","50.80","9,658","9,575","83"
"01/30/2022 01","48.70","47.22","9,430","9,408","22"
"01/30/2022 02","46.28","47.28","9,305","9,342","-37"
"01/30/2022 03","48.18","47.11","9,299","9,279","20"
"01/30/2022 04","47.49","46.94","9,258","9,290","-32"
"01/30/2022 05","42.90","45.16","9,273","9,309","-36"
"01/30/2022 06","46.52","48.00","9,313","9,349","-36"
"01/30/2022 07","48.64","48.14","9,386","9,448","-62"
"01/30/2022 08","48.51","48.17","9,622","9,659","-37"
"01/30/2022 09","49.03","48.61","9,837","9,853","-16"
"01/30/2022 10","61.54","57.34","9,940","10,000","-60"
"01/30/2022 11","66.62","61.06","10,069","10,125","-56"
"01/30/2022 12","48.21","48.48","10,177","10,165","12"
"01/30/2022 13","48.23","48.05","10,175","10,149","26"
"01/30/2022 14","47.68","47.91","10,121","10,135","-14"
"01/30/2022 15","48.37","45.25","10,106","10,065","41"
"01/30/2022 16","47.39","42.39","10,108","10,067","41"
"01/30/2022 17","49.03","46.64","10,244","10,219","25"
"01/30/2022 18","49.04","52.95","10,521","10,547","-26"
"01/30/2022 19","66.58","65.68","10,574","10,540","34"
"01/30/2022 20","54.77","50.58","10,414","10,384","30"
"01/30/2022 21","47.78","46.82","10,244","10,249","-5"
"01/30/2022 22","46.00","43.27","10,083","10,080","3"
"01/30/2022 23","38.85","36.72","9,837","9,794","43"
"01/30/2022 24","33.57","33.28","9,561","9,514","47"
"01/31/2022 01","32.27","34.88","9,354","9,359","-5"
"01/31/2022 02","32.44","33.01","9,296","9,306","-10"
"01/31/2022 03","32.37","32.18","9,284","9,301","-17"
"01/31/2022 04","32.13","28.09","9,327","9,328","-1"
"01/31/2022 05","25.97","29.54","9,386","9,430","-44"
"01/31/2022 06","33.71","34.16","9,609","9,710","-101"
"01/31/2022 07","37.32","41.48","10,060","10,082","-22"
"01/31/2022 08","44.38","46.34","10,516","10,555","-39"
"01/31/2022 09","49.49","56.58","10,760","10,855","-95"
"01/31/2022 10","48.08","61.51","10,883","10,973","-90"
"01/31/2022 11","68.26","67.17","11,061","11,089","-28"
"01/31/2022 12","60.52","63.22","11,129","11,141","-12"
"01/31/2022 13","81.44","72.43","11,099","11,127","-28"
"01/31/2022 14","76.73","77.04","11,133","11,141","-8"
"01/31/2022 15","72.56","74.19","11,102","11,142","-40"
"01/31/2022 16","75.10","73.67","11,173","11,184","-11"
"01/31/2022 17","64.06","65.89","11,278","11,294","-16"
"01/31/2022 18","66.63","73.76","11,464","11,483","-19"
"01/31/2022 19","73.69","73.65","11,457","11,384","73"
"01/31/2022 20","76.23","75.20","11,241","11,208","33"
"01/31/2022 21","71.68","72.62","11,072","11,052","20"
"01/31/2022 22","76.39","74.47","10,885","10,868","17"
"01/31/2022 23","66.63","69.60","10,581","10,612","-31"
"01/31/2022 24","69.32","68.26","10,386","10,337","49"


