,Date (HE),Price ($),30Ravg ($),AIL Demand (MW)
0,01/01/2022 01,65.64,127.1,10746.0
1,01/01/2022 02,61.59,127.1,10618.0
2,01/01/2022 03,56.67,127.11,10499.0
3,01/01/2022 04,45.58,127.12,10451.0
4,01/01/2022 05,57.39,127.12,10408.0
5,01/01/2022 06,58.11,127.12,10401.0
6,01/01/2022 07,53.37,127.09,10438.0
7,01/01/2022 08,41.23,127.02,10529.0
8,01/01/2022 09,40.92,127.0,10576.0
9,01/01/2022 10,39.58,126.97,10625.0
10,01/01/2022 11,41.14,126.97,10756.0
11,01/01/2022 12,51.16,126.98,10822.0
12,01/01/2022 13,50.88,126.97,10851.0
13,01/01/2022 14,54.35,126.95,10839.0
14,01/01/2022 15,52.48,126.94,10747.0
15,01/01/2022 16,53.93,126.49,10770.0
16,01/01/2022 17,62.89,125.83,11119.0
17,01/01/2022 18,83.49,124.73,11295.0
18,01/01/2022 19,69.75,123.58,11141.0
19,01/01/2022 20,66.28,122.42,10946.0
20,01/01/2022 21,55.82,121.58,10787.0
21,01/01/2022 22,47.65,121.29,10543.0
22,01/01/2022 23,46.66,121.23,10289.0
23,01/01/2022 24,55.65,121.17,9999.0
24,01/02/2022 01,48.74,121.12,9846.0
25,01/02/2022 02,32.45,121.07,9768.0
26,01/02/2022 03,33.48,121.03,9700.0
27,01/02/2022 04,38.35,121.0,9681.0
28,01/02/2022 05,36.12,120.97,9695.0
29,01/02/2022 06,40.34,120.91,9791.0
30,01/02/2022 07,46.45,120.82,9908.0
31,01/02/2022 08,46.29,120.38,10098.0
32,01/02/2022 09,48.44,120.07,10279.0
33,01/02/2022 10,42.75,119.66,10377.0
34,01/02/2022 11,38.62,119.23,10510.0
35,01/02/2022 12,47.67,118.71,10635.0
36,01/02/2022 13,48.09,118.19,10602.0
37,01/02/2022 14,49.11,117.34,10594.0
38,01/02/2022 15,51.94,116.6,10631.0
39,01/02/2022 16,49.52,116.55,10744.0
40,01/02/2022 17,59.43,116.49,11061.0
41,01/02/2022 18,70.95,116.48,11351.0
42,01/02/2022 19,151.42,116.6,11263.0
43,01/02/2022 20,96.94,116.65,11172.0
44,01/02/2022 21,107.75,116.72,11103.0
45,01/02/2022 22,77.41,116.74,10982.0
46,01/02/2022 23,100.08,116.8,10757.0
47,01/02/2022 24,90.69,116.84,10487.0
48,01/03/2022 01,70.43,116.86,10287.0
49,01/03/2022 02,70.25,116.88,10192.0
50,01/03/2022 03,67.91,116.89,10128.0
51,01/03/2022 04,68.25,116.91,10177.0
52,01/03/2022 05,70.66,116.93,10225.0
53,01/03/2022 06,71.98,116.95,10333.0
54,01/03/2022 07,74.25,116.97,10558.0
55,01/03/2022 08,64.38,116.98,10871.0
56,01/03/2022 09,79.04,117.0,11139.0
57,01/03/2022 10,170.74,117.16,11251.0
58,01/03/2022 11,218.04,117.4,11394.0
59,01/03/2022 12,148.77,117.53,11463.0
60,01/03/2022 13,176.62,117.69,11533.0
61,01/03/2022 14,186.47,117.88,11554.0
62,01/03/2022 15,176.13,118.04,11516.0
63,01/03/2022 16,131.95,118.14,11573.0
64,01/03/2022 17,117.08,118.24,11784.0
65,01/03/2022 18,140.51,118.38,11939.0
66,01/03/2022 19,74.05,118.42,11825.0
67,01/03/2022 20,70.21,118.45,11774.0
68,01/03/2022 21,73.11,118.48,11709.0
69,01/03/2022 22,74.21,118.51,11516.0
70,01/03/2022 23,68.47,118.54,11241.0
71,01/03/2022 24,67.51,118.56,10914.0
72,01/04/2022 01,56.14,118.58,10716.0
73,01/04/2022 02,56.21,118.6,10667.0
74,01/04/2022 03,63.27,118.63,10607.0
75,01/04/2022 04,65.03,118.66,10611.0
76,01/04/2022 05,65.11,118.67,10577.0
77,01/04/2022 06,67.21,118.7,10657.0
78,01/04/2022 07,81.92,118.74,10968.0
79,01/04/2022 08,69.85,118.76,11293.0
80,01/04/2022 09,70.49,118.78,11519.0
81,01/04/2022 10,77.87,118.8,11567.0
82,01/04/2022 11,84.56,118.82,11641.0
83,01/04/2022 12,83.66,118.83,11676.0
84,01/04/2022 13,82.74,118.85,11677.0
85,01/04/2022 14,75.23,118.85,11668.0
86,01/04/2022 15,86.31,118.88,11664.0
87,01/04/2022 16,157.44,118.99,11710.0
88,01/04/2022 17,331.45,119.33,11804.0
89,01/04/2022 18,684.78,120.16,11823.0
90,01/04/2022 19,701.55,121.02,11648.0
91,01/04/2022 20,608.82,121.73,11476.0
92,01/04/2022 21,214.87,121.76,11290.0
93,01/04/2022 22,95.12,121.7,11196.0
94,01/04/2022 23,76.71,121.62,10990.0
95,01/04/2022 24,207.29,121.78,10772.0
96,01/05/2022 01,91.31,121.82,10638.0
97,01/05/2022 02,83.11,121.86,10566.0
98,01/05/2022 03,76.8,121.88,10513.0
99,01/05/2022 04,77.77,121.91,10495.0
100,01/05/2022 05,77.97,121.95,10523.0
101,01/05/2022 06,79.0,121.98,10619.0
102,01/05/2022 07,86.46,122.0,10874.0
103,01/05/2022 08,78.71,122.02,11241.0
104,01/05/2022 09,151.72,121.77,11494.0
105,01/05/2022 10,285.34,122.08,11372.0
106,01/05/2022 11,419.64,122.57,11417.0
107,01/05/2022 12,498.48,123.12,11489.0
108,01/05/2022 13,613.68,123.86,11496.0
109,01/05/2022 14,616.63,124.41,11410.0
110,01/05/2022 15,614.88,124.85,11376.0
111,01/05/2022 16,549.98,124.74,11395.0
112,01/05/2022 17,721.4,124.72,11555.0
113,01/05/2022 18,749.33,124.61,11786.0
114,01/05/2022 19,725.01,124.71,11631.0
115,01/05/2022 20,679.2,125.17,11473.0
116,01/05/2022 21,548.18,125.78,11317.0
117,01/05/2022 22,329.02,126.16,11072.0
118,01/05/2022 23,84.1,126.22,10844.0
119,01/05/2022 24,222.74,126.46,10617.0
120,01/06/2022 01,86.17,126.53,10428.0
121,01/06/2022 02,83.79,126.61,10352.0
122,01/06/2022 03,76.21,126.67,10306.0
123,01/06/2022 04,63.03,126.71,10311.0
124,01/06/2022 05,58.17,126.75,10346.0
125,01/06/2022 06,59.25,126.78,10463.0
126,01/06/2022 07,68.94,126.83,10770.0
127,01/06/2022 08,70.0,126.88,11113.0
128,01/06/2022 09,82.47,126.93,11351.0
129,01/06/2022 10,83.6,126.97,11389.0
130,01/06/2022 11,83.52,127.01,11495.0
131,01/06/2022 12,85.94,127.05,11580.0
132,01/06/2022 13,262.93,127.34,11537.0
133,01/06/2022 14,84.87,127.38,11553.0
134,01/06/2022 15,88.4,127.43,11561.0
135,01/06/2022 16,234.68,127.68,11520.0
136,01/06/2022 17,310.04,128.03,11629.0
137,01/06/2022 18,495.55,128.64,11787.0
138,01/06/2022 19,405.27,129.14,11598.0
139,01/06/2022 20,194.66,129.36,11471.0
140,01/06/2022 21,120.0,129.47,11373.0
141,01/06/2022 22,86.77,129.54,11188.0
142,01/06/2022 23,76.33,129.61,10972.0
143,01/06/2022 24,79.21,129.68,10753.0
144,01/07/2022 01,76.03,129.75,10549.0
145,01/07/2022 02,71.67,129.81,10447.0
146,01/07/2022 03,70.64,129.87,10371.0
147,01/07/2022 04,68.63,129.92,10373.0
148,01/07/2022 05,70.25,129.98,10375.0
149,01/07/2022 06,70.68,130.04,10456.0
150,01/07/2022 07,73.16,130.07,10670.0
151,01/07/2022 08,76.48,130.11,11084.0
152,01/07/2022 09,77.37,130.14,11340.0
153,01/07/2022 10,238.55,130.39,11402.0
154,01/07/2022 11,427.39,130.78,11438.0
155,01/07/2022 12,715.44,131.71,11451.0
156,01/07/2022 13,676.6,132.6,11448.0
157,01/07/2022 14,678.26,133.5,11343.0
158,01/07/2022 15,676.61,134.37,11358.0
159,01/07/2022 16,634.18,135.09,11342.0
160,01/07/2022 17,639.4,135.69,11523.0
161,01/07/2022 18,484.51,136.09,11751.0
162,01/07/2022 19,318.09,136.23,11555.0
163,01/07/2022 20,96.74,136.16,11408.0
164,01/07/2022 21,102.74,136.08,11405.0
165,01/07/2022 22,92.0,135.96,11257.0
166,01/07/2022 23,89.3,135.96,11064.0
167,01/07/2022 24,88.61,136.02,10791.0
168,01/08/2022 01,75.33,136.09,10553.0
169,01/08/2022 02,71.92,136.15,10467.0
170,01/08/2022 03,67.26,136.2,10373.0
171,01/08/2022 04,68.44,136.25,10347.0
172,01/08/2022 05,71.11,136.31,10360.0
173,01/08/2022 06,75.04,136.37,10388.0
174,01/08/2022 07,74.09,136.43,10470.0
175,01/08/2022 08,66.54,136.46,10664.0
176,01/08/2022 09,73.68,136.51,10863.0
177,01/08/2022 10,100.06,136.58,11044.0
178,01/08/2022 11,117.94,136.69,11113.0
179,01/08/2022 12,115.34,136.8,11121.0
180,01/08/2022 13,108.98,136.88,11089.0
181,01/08/2022 14,123.5,136.99,11089.0
182,01/08/2022 15,98.07,137.06,11140.0
183,01/08/2022 16,71.63,137.08,11212.0
184,01/08/2022 17,73.86,136.97,11469.0
185,01/08/2022 18,89.75,136.99,11748.0
186,01/08/2022 19,75.91,136.99,11629.0
187,01/08/2022 20,46.77,136.92,11468.0
188,01/08/2022 21,42.07,136.9,11288.0
189,01/08/2022 22,44.52,136.86,11102.0
190,01/08/2022 23,40.78,136.78,10891.0
191,01/08/2022 24,47.03,136.75,10661.0
192,01/09/2022 01,38.33,136.73,10481.0
193,01/09/2022 02,33.62,136.71,10354.0
194,01/09/2022 03,33.22,136.69,10289.0
195,01/09/2022 04,40.09,136.68,10279.0
196,01/09/2022 05,45.44,136.67,10270.0
197,01/09/2022 06,58.09,136.69,10318.0
198,01/09/2022 07,59.74,136.7,10439.0
199,01/09/2022 08,65.89,136.71,10602.0
200,01/09/2022 09,72.65,136.73,10772.0
201,01/09/2022 10,63.05,136.74,10900.0
202,01/09/2022 11,59.79,136.76,11008.0
203,01/09/2022 12,56.3,136.78,11087.0
204,01/09/2022 13,55.94,136.79,11100.0
205,01/09/2022 14,55.54,136.8,11088.0
206,01/09/2022 15,57.49,136.82,11099.0
207,01/09/2022 16,58.45,136.84,11124.0
208,01/09/2022 17,63.45,136.86,11379.0
209,01/09/2022 18,76.75,136.91,11688.0
210,01/09/2022 19,62.58,136.94,11512.0
211,01/09/2022 20,52.13,136.95,11341.0
212,01/09/2022 21,51.0,136.95,11182.0
213,01/09/2022 22,51.4,136.96,10933.0
214,01/09/2022 23,42.4,136.96,10604.0
215,01/09/2022 24,33.89,136.94,10301.0
216,01/10/2022 01,28.88,136.92,10136.0
217,01/10/2022 02,28.45,136.91,10022.0
218,01/10/2022 03,28.32,136.89,9912.0
219,01/10/2022 04,28.55,136.88,9901.0
220,01/10/2022 05,30.21,136.87,10034.0
221,01/10/2022 06,30.84,136.86,10180.0
222,01/10/2022 07,40.03,136.85,10518.0
223,01/10/2022 08,48.5,136.86,10944.0
224,01/10/2022 09,51.91,136.87,11015.0
225,01/10/2022 10,47.86,136.86,11006.0
226,01/10/2022 11,47.05,136.85,11050.0
227,01/10/2022 12,51.07,136.86,11044.0
228,01/10/2022 13,54.7,136.87,10978.0
229,01/10/2022 14,59.25,136.88,10959.0
230,01/10/2022 15,51.35,136.89,10960.0
231,01/10/2022 16,56.75,136.9,10986.0
232,01/10/2022 17,48.09,136.88,11100.0
233,01/10/2022 18,59.28,136.86,11346.0
234,01/10/2022 19,49.36,136.84,11018.0
235,01/10/2022 20,41.7,136.81,10879.0
236,01/10/2022 21,44.17,136.79,10759.0
237,01/10/2022 22,45.35,136.74,10527.0
238,01/10/2022 23,42.39,136.71,10216.0
239,01/10/2022 24,37.78,136.66,9888.0
240,01/11/2022 01,31.86,136.65,9692.0
241,01/11/2022 02,37.01,136.64,9607.0
242,01/11/2022 03,39.5,136.64,9537.0
243,01/11/2022 04,42.17,136.63,9518.0
244,01/11/2022 05,38.0,136.62,9534.0
245,01/11/2022 06,52.5,136.63,9656.0
246,01/11/2022 07,68.36,136.66,10022.0
247,01/11/2022 08,67.08,136.67,10552.0
248,01/11/2022 09,60.77,136.66,10800.0
249,01/11/2022 10,59.81,136.65,10804.0
250,01/11/2022 11,61.24,136.64,10845.0
251,01/11/2022 12,58.93,136.65,10837.0
252,01/11/2022 13,60.83,136.67,10780.0
253,01/11/2022 14,67.84,136.7,10767.0
254,01/11/2022 15,71.61,136.74,10722.0
255,01/11/2022 16,65.45,136.77,10745.0
256,01/11/2022 17,71.56,136.79,10900.0
257,01/11/2022 18,126.11,136.77,11142.0
258,01/11/2022 19,69.36,136.76,10990.0
259,01/11/2022 20,59.3,136.76,10877.0
260,01/11/2022 21,68.4,136.77,10778.0
261,01/11/2022 22,65.75,136.8,10531.0
262,01/11/2022 23,61.03,136.83,10212.0
263,01/11/2022 24,61.89,136.85,9918.0
264,01/12/2022 01,57.1,136.87,9722.0
265,01/12/2022 02,53.32,136.89,9631.0
266,01/12/2022 03,51.79,136.9,9600.0
267,01/12/2022 04,53.23,136.91,9598.0
268,01/12/2022 05,52.96,136.92,9643.0
269,01/12/2022 06,55.11,136.93,9767.0
270,01/12/2022 07,60.27,136.95,10077.0
271,01/12/2022 08,66.51,136.96,10519.0
272,01/12/2022 09,73.42,136.98,10753.0
273,01/12/2022 10,163.68,137.12,10784.0
274,01/12/2022 11,72.61,137.14,10797.0
275,01/12/2022 12,76.93,137.17,10863.0
276,01/12/2022 13,77.55,137.19,10808.0
277,01/12/2022 14,73.31,137.2,10747.0
278,01/12/2022 15,66.17,137.13,10700.0
279,01/12/2022 16,69.42,137.13,10745.0
280,01/12/2022 17,76.0,136.78,10922.0
281,01/12/2022 18,123.13,136.68,11126.0
282,01/12/2022 19,219.33,136.89,10926.0
283,01/12/2022 20,404.18,137.35,10673.0
284,01/12/2022 21,563.31,138.04,10497.0
285,01/12/2022 22,378.84,138.49,10263.0
286,01/12/2022 23,83.16,138.54,10026.0
287,01/12/2022 24,66.45,138.57,9799.0
288,01/13/2022 01,46.82,138.56,9594.0
289,01/13/2022 02,36.67,138.53,9545.0
290,01/13/2022 03,38.78,138.51,9564.0
291,01/13/2022 04,33.07,138.48,9542.0
292,01/13/2022 05,33.99,138.46,9572.0
293,01/13/2022 06,36.22,138.44,9742.0
294,01/13/2022 07,47.81,138.43,10067.0
295,01/13/2022 08,55.26,138.41,10550.0
296,01/13/2022 09,53.68,138.4,10759.0
297,01/13/2022 10,59.08,138.39,10705.0
298,01/13/2022 11,52.22,138.38,10719.0
299,01/13/2022 12,53.9,138.37,10747.0
300,01/13/2022 13,55.26,138.36,10717.0
301,01/13/2022 14,64.9,138.36,10697.0
302,01/13/2022 15,65.51,138.37,10731.0
303,01/13/2022 16,71.65,138.38,10859.0
304,01/13/2022 17,179.85,138.53,10996.0
305,01/13/2022 18,208.97,138.73,11148.0
306,01/13/2022 19,73.62,138.75,10904.0
307,01/13/2022 20,78.12,138.76,10754.0
308,01/13/2022 21,73.57,138.78,10600.0
309,01/13/2022 22,71.76,138.75,10402.0
310,01/13/2022 23,63.71,138.72,10055.0
311,01/13/2022 24,60.05,138.67,9826.0
312,01/14/2022 01,60.68,138.63,9738.0
313,01/14/2022 02,60.68,138.62,9672.0
314,01/14/2022 03,60.24,138.62,9592.0
315,01/14/2022 04,58.56,138.61,9611.0
316,01/14/2022 05,61.32,138.61,9653.0
317,01/14/2022 06,68.25,138.61,9825.0
318,01/14/2022 07,72.38,138.61,10171.0
319,01/14/2022 08,194.43,138.78,10584.0
320,01/14/2022 09,459.52,139.33,10698.0
321,01/14/2022 10,215.99,139.53,10677.0
322,01/14/2022 11,71.72,139.54,10748.0
323,01/14/2022 12,72.5,139.55,10816.0
324,01/14/2022 13,67.75,139.55,10740.0
325,01/14/2022 14,63.48,139.55,10777.0
326,01/14/2022 15,58.71,139.53,10756.0
327,01/14/2022 16,57.6,139.49,10793.0
328,01/14/2022 17,43.55,138.89,10943.0
329,01/14/2022 18,55.1,138.4,11145.0
330,01/14/2022 19,42.55,138.12,11053.0
331,01/14/2022 20,54.08,138.06,10858.0
332,01/14/2022 21,50.86,137.98,10686.0
333,01/14/2022 22,51.86,137.96,10489.0
334,01/14/2022 23,40.18,137.93,10238.0
335,01/14/2022 24,40.26,137.88,9960.0
336,01/15/2022 01,45.79,137.85,9737.0
337,01/15/2022 02,38.12,137.82,9557.0
338,01/15/2022 03,39.67,137.81,9436.0
339,01/15/2022 04,38.41,137.79,9380.0
340,01/15/2022 05,35.65,137.78,9409.0
341,01/15/2022 06,38.99,137.76,9467.0
342,01/15/2022 07,39.47,137.74,9591.0
343,01/15/2022 08,47.93,137.72,9815.0
344,01/15/2022 09,58.61,137.71,10094.0
345,01/15/2022 10,60.11,137.71,10178.0
346,01/15/2022 11,58.53,137.69,10271.0
347,01/15/2022 12,59.91,137.69,10291.0
348,01/15/2022 13,58.04,137.68,10301.0
349,01/15/2022 14,53.05,137.66,10279.0
350,01/15/2022 15,44.63,137.64,10258.0
351,01/15/2022 16,43.9,137.62,10300.0
352,01/15/2022 17,59.3,137.61,10375.0
353,01/15/2022 18,68.54,137.6,10646.0
354,01/15/2022 19,62.89,137.6,10581.0
355,01/15/2022 20,54.66,137.6,10519.0
356,01/15/2022 21,52.84,137.6,10432.0
357,01/15/2022 22,53.84,137.6,10267.0
358,01/15/2022 23,52.32,137.6,10076.0
359,01/15/2022 24,53.43,137.6,9805.0
360,01/16/2022 01,51.04,137.59,9578.0
361,01/16/2022 02,48.32,137.58,9469.0
362,01/16/2022 03,47.14,137.56,9472.0
363,01/16/2022 04,46.47,137.53,9475.0
364,01/16/2022 05,51.78,137.5,9473.0
365,01/16/2022 06,48.37,137.46,9472.0
366,01/16/2022 07,56.88,137.42,9582.0
367,01/16/2022 08,52.22,137.24,9820.0
368,01/16/2022 09,54.06,136.56,9998.0
369,01/16/2022 10,59.42,135.94,10140.0
370,01/16/2022 11,63.7,135.67,10302.0
371,01/16/2022 12,54.61,135.46,10377.0
372,01/16/2022 13,48.41,135.34,10412.0
373,01/16/2022 14,42.93,135.29,10408.0
374,01/16/2022 15,33.6,135.25,10429.0
375,01/16/2022 16,38.1,135.23,10514.0
376,01/16/2022 17,53.33,135.23,10690.0
377,01/16/2022 18,60.76,135.23,11039.0
378,01/16/2022 19,57.11,135.22,10918.0
379,01/16/2022 20,45.27,135.19,10766.0
380,01/16/2022 21,42.91,135.16,10617.0
381,01/16/2022 22,57.53,135.15,10394.0
382,01/16/2022 23,43.42,135.13,10122.0
383,01/16/2022 24,38.6,135.09,9864.0
384,01/17/2022 01,32.37,135.07,9650.0
385,01/17/2022 02,30.13,135.04,9554.0
386,01/17/2022 03,32.82,135.03,9513.0
387,01/17/2022 04,34.76,135.03,9540.0
388,01/17/2022 05,34.46,135.02,9588.0
389,01/17/2022 06,42.76,135.03,9730.0
390,01/17/2022 07,54.99,135.05,10154.0
391,01/17/2022 08,61.07,135.08,10604.0
392,01/17/2022 09,62.11,135.1,10820.0
393,01/17/2022 10,60.61,135.1,10825.0
394,01/17/2022 11,57.72,135.1,10876.0
395,01/17/2022 12,50.16,135.09,10890.0
396,01/17/2022 13,49.68,135.08,10863.0
397,01/17/2022 14,46.34,135.07,10873.0
398,01/17/2022 15,46.05,135.06,10864.0
399,01/17/2022 16,54.14,135.06,10996.0
400,01/17/2022 17,64.27,135.05,11220.0
401,01/17/2022 18,68.09,135.06,11460.0
402,01/17/2022 19,61.98,135.06,11349.0
403,01/17/2022 20,54.38,135.06,11157.0
404,01/17/2022 21,45.88,135.05,11076.0
405,01/17/2022 22,54.4,135.07,10942.0
406,01/17/2022 23,52.67,135.09,10642.0
407,01/17/2022 24,44.7,135.1,10374.0
408,01/18/2022 01,44.05,135.11,10216.0
409,01/18/2022 02,44.94,135.12,10083.0
410,01/18/2022 03,44.73,135.13,9995.0
411,01/18/2022 04,42.64,135.15,9959.0
412,01/18/2022 05,48.51,135.16,10020.0
413,01/18/2022 06,53.26,135.18,10185.0
414,01/18/2022 07,74.34,135.22,10576.0
415,01/18/2022 08,90.0,135.29,11035.0
416,01/18/2022 09,198.59,135.49,11226.0
417,01/18/2022 10,112.19,135.57,11248.0
418,01/18/2022 11,72.35,135.58,11295.0
419,01/18/2022 12,71.62,135.6,11286.0
420,01/18/2022 13,93.21,135.65,11253.0
421,01/18/2022 14,70.75,135.66,11178.0
422,01/18/2022 15,71.05,135.67,11151.0
423,01/18/2022 16,89.14,135.68,11214.0
424,01/18/2022 17,150.91,135.39,11348.0
425,01/18/2022 18,499.66,135.81,11564.0
426,01/18/2022 19,308.05,136.06,11416.0
427,01/18/2022 20,95.5,136.02,11388.0
428,01/18/2022 21,90.0,136.0,11305.0
429,01/18/2022 22,82.71,136.0,11111.0
430,01/18/2022 23,84.82,136.02,10812.0
431,01/18/2022 24,80.1,136.04,10598.0
432,01/19/2022 01,81.1,136.06,10441.0
433,01/19/2022 02,75.13,136.07,10383.0
434,01/19/2022 03,74.03,136.08,10362.0
435,01/19/2022 04,68.69,136.08,10349.0
436,01/19/2022 05,70.66,136.08,10381.0
437,01/19/2022 06,72.71,136.08,10522.0
438,01/19/2022 07,83.84,136.05,10879.0
439,01/19/2022 08,79.16,136.06,11332.0
440,01/19/2022 09,77.32,136.03,11477.0
441,01/19/2022 10,64.27,135.99,11453.0
442,01/19/2022 11,60.1,135.99,11439.0
443,01/19/2022 12,59.24,135.99,11423.0
444,01/19/2022 13,66.49,135.97,11338.0
445,01/19/2022 14,61.81,135.94,11259.0
446,01/19/2022 15,58.16,135.91,11189.0
447,01/19/2022 16,57.35,135.82,11223.0
448,01/19/2022 17,62.71,135.67,11426.0
449,01/19/2022 18,73.29,135.54,11723.0
450,01/19/2022 19,64.07,135.52,11611.0
451,01/19/2022 20,51.18,135.5,11443.0
452,01/19/2022 21,50.26,135.48,11271.0
453,01/19/2022 22,50.2,135.46,11057.0
454,01/19/2022 23,48.97,135.44,10776.0
455,01/19/2022 24,48.74,135.43,10515.0
456,01/20/2022 01,52.6,135.43,10282.0
457,01/20/2022 02,47.52,135.45,10104.0
458,01/20/2022 03,45.0,135.46,10077.0
459,01/20/2022 04,44.86,135.48,10068.0
460,01/20/2022 05,45.8,135.5,10090.0
461,01/20/2022 06,49.87,135.52,10160.0
462,01/20/2022 07,55.14,135.53,10418.0
463,01/20/2022 08,57.13,135.55,10812.0
464,01/20/2022 09,64.5,135.56,11010.0
465,01/20/2022 10,60.12,135.57,11046.0
466,01/20/2022 11,58.95,135.58,11018.0
467,01/20/2022 12,57.2,135.58,10978.0
468,01/20/2022 13,63.84,135.59,10947.0
469,01/20/2022 14,52.43,135.54,10883.0
470,01/20/2022 15,50.94,135.51,10843.0
471,01/20/2022 16,50.11,135.48,10797.0
472,01/20/2022 17,53.24,135.46,10866.0
473,01/20/2022 18,65.59,135.44,11046.0
474,01/20/2022 19,56.41,135.42,10920.0
475,01/20/2022 20,51.47,135.41,10787.0
476,01/20/2022 21,45.74,135.38,10607.0
477,01/20/2022 22,50.27,135.36,10423.0
478,01/20/2022 23,50.64,135.35,10159.0
479,01/20/2022 24,48.08,135.33,9873.0
480,01/21/2022 01,37.57,135.31,9694.0
481,01/21/2022 02,36.58,135.29,9594.0
482,01/21/2022 03,39.35,135.26,9524.0
483,01/21/2022 04,41.35,135.24,9491.0
484,01/21/2022 05,47.23,135.23,9492.0
485,01/21/2022 06,49.55,135.23,9669.0
486,01/21/2022 07,58.73,135.25,10023.0
487,01/21/2022 08,66.26,135.28,10448.0
488,01/21/2022 09,168.84,135.46,10666.0
489,01/21/2022 10,69.42,135.5,10704.0
490,01/21/2022 11,80.0,135.54,10778.0
491,01/21/2022 12,96.41,135.61,10781.0
492,01/21/2022 13,54.02,135.62,10750.0
493,01/21/2022 14,48.3,135.61,10774.0
494,01/21/2022 15,48.52,135.61,10760.0
495,01/21/2022 16,46.34,135.61,10725.0
496,01/21/2022 17,60.19,135.63,10766.0
497,01/21/2022 18,61.4,135.63,10998.0
498,01/21/2022 19,57.17,135.63,10876.0
499,01/21/2022 20,53.71,135.63,10770.0
500,01/21/2022 21,44.28,135.61,10641.0
501,01/21/2022 22,40.77,135.6,10439.0
502,01/21/2022 23,40.86,135.59,10217.0
503,01/21/2022 24,44.06,135.61,10001.0
504,01/22/2022 01,43.53,135.62,9792.0
505,01/22/2022 02,42.98,135.64,9634.0
506,01/22/2022 03,40.4,135.65,9567.0
507,01/22/2022 04,39.27,135.66,9510.0
508,01/22/2022 05,36.56,135.67,9469.0
509,01/22/2022 06,31.66,135.67,9509.0
510,01/22/2022 07,32.75,135.67,9659.0
511,01/22/2022 08,35.23,135.66,9836.0
512,01/22/2022 09,41.53,135.65,10052.0
513,01/22/2022 10,47.03,135.63,10135.0
514,01/22/2022 11,54.17,135.61,10218.0
515,01/22/2022 12,56.22,135.6,10262.0
516,01/22/2022 13,54.84,135.58,10223.0
517,01/22/2022 14,66.48,135.57,10155.0
518,01/22/2022 15,58.9,135.56,10115.0
519,01/22/2022 16,58.9,135.55,10161.0
520,01/22/2022 17,58.9,135.56,10321.0
521,01/22/2022 18,81.01,135.59,10560.0
522,01/22/2022 19,66.93,135.61,10500.0
523,01/22/2022 20,38.89,135.57,10314.0
524,01/22/2022 21,37.62,135.53,10171.0
525,01/22/2022 22,38.99,135.49,10003.0
526,01/22/2022 23,39.19,135.48,9788.0
527,01/22/2022 24,35.61,135.45,9597.0
528,01/23/2022 01,30.04,135.41,9431.0
529,01/23/2022 02,29.55,135.38,9353.0
530,01/23/2022 03,28.78,135.36,9280.0
531,01/23/2022 04,28.38,135.34,9250.0
532,01/23/2022 05,28.87,135.3,9254.0
533,01/23/2022 06,29.44,135.29,9256.0
534,01/23/2022 07,35.38,135.28,9371.0
535,01/23/2022 08,36.23,135.28,9499.0
536,01/23/2022 09,39.17,135.26,9730.0
537,01/23/2022 10,43.25,135.24,9871.0
538,01/23/2022 11,44.82,135.22,10012.0
539,01/23/2022 12,44.16,135.2,10078.0
540,01/23/2022 13,44.33,135.18,10128.0
541,01/23/2022 14,49.99,135.17,10087.0
542,01/23/2022 15,49.32,135.17,10112.0
543,01/23/2022 16,50.35,135.16,10149.0
544,01/23/2022 17,70.36,135.17,10362.0
545,01/23/2022 18,80.41,135.2,10693.0
546,01/23/2022 19,49.7,135.18,10661.0
547,01/23/2022 20,74.47,135.2,10526.0
548,01/23/2022 21,389.33,135.67,10295.0
549,01/23/2022 22,443.18,136.21,9953.0
550,01/23/2022 23,57.27,136.21,9784.0
551,01/23/2022 24,58.19,136.21,9617.0
552,01/24/2022 01,76.78,136.24,9480.0
553,01/24/2022 02,84.06,136.28,9378.0
554,01/24/2022 03,72.09,136.3,9392.0
555,01/24/2022 04,49.68,136.29,9388.0
556,01/24/2022 05,49.07,136.27,9384.0
557,01/24/2022 06,54.46,136.26,9530.0
558,01/24/2022 07,65.89,136.26,9961.0
559,01/24/2022 08,57.41,136.26,10448.0
560,01/24/2022 09,61.81,136.26,10681.0
561,01/24/2022 10,67.64,136.27,10717.0
562,01/24/2022 11,71.39,136.28,10793.0
563,01/24/2022 12,69.86,136.29,10807.0
564,01/24/2022 13,80.2,136.32,10847.0
565,01/24/2022 14,79.46,136.35,10901.0
566,01/24/2022 15,66.18,136.36,10840.0
567,01/24/2022 16,62.23,136.37,10809.0
568,01/24/2022 17,302.39,136.7,10935.0
569,01/24/2022 18,613.84,137.46,11001.0
570,01/24/2022 19,387.08,137.91,10840.0
571,01/24/2022 20,97.52,137.96,10727.0
572,01/24/2022 21,146.63,138.08,10606.0
573,01/24/2022 22,142.81,138.2,10405.0
574,01/24/2022 23,62.13,138.21,10111.0
575,01/24/2022 24,248.98,138.45,9864.0
576,01/25/2022 01,69.81,138.45,9716.0
577,01/25/2022 02,69.81,138.45,9641.0
578,01/25/2022 03,69.87,138.45,9566.0
579,01/25/2022 04,69.13,138.45,9546.0
580,01/25/2022 05,65.88,138.44,9508.0
581,01/25/2022 06,72.41,138.44,9604.0
582,01/25/2022 07,114.71,138.5,9984.0
583,01/25/2022 08,69.26,138.53,10434.0
584,01/25/2022 09,58.14,138.55,10606.0
585,01/25/2022 10,50.71,138.55,10631.0
586,01/25/2022 11,50.43,138.54,10633.0
587,01/25/2022 12,50.15,138.53,10647.0
588,01/25/2022 13,65.16,138.54,10592.0
589,01/25/2022 14,63.3,138.55,10547.0
590,01/25/2022 15,52.36,138.48,10481.0
591,01/25/2022 16,49.4,138.13,10473.0
592,01/25/2022 17,53.54,137.06,10593.0
593,01/25/2022 18,122.82,135.93,10828.0
594,01/25/2022 19,66.18,135.08,10709.0
595,01/25/2022 20,50.35,134.33,10509.0
596,01/25/2022 21,50.38,133.62,10374.0
597,01/25/2022 22,48.66,133.54,10071.0
598,01/25/2022 23,43.56,133.44,9849.0
599,01/25/2022 24,42.03,132.75,9672.0
600,01/26/2022 01,39.72,132.41,9479.0
601,01/26/2022 02,39.67,131.89,9378.0
602,01/26/2022 03,46.15,131.34,9314.0
603,01/26/2022 04,46.76,131.18,9280.0
604,01/26/2022 05,44.74,131.01,9341.0
605,01/26/2022 06,55.28,130.84,9472.0
606,01/26/2022 07,95.81,130.52,9877.0
607,01/26/2022 08,374.18,130.52,10273.0
608,01/26/2022 09,178.02,130.44,10355.0
609,01/26/2022 10,90.9,129.52,10407.0
610,01/26/2022 11,79.6,128.48,10540.0
611,01/26/2022 12,114.72,127.42,10571.0
612,01/26/2022 13,133.23,126.31,10540.0
613,01/26/2022 14,80.0,125.17,10555.0
614,01/26/2022 15,156.59,124.02,10535.0
615,01/26/2022 16,74.46,122.93,10548.0
616,01/26/2022 17,67.46,121.65,10676.0
617,01/26/2022 18,150.54,120.47,10908.0
618,01/26/2022 19,203.58,119.36,10821.0
619,01/26/2022 20,99.41,118.11,10644.0
620,01/26/2022 21,68.24,116.82,10463.0
621,01/26/2022 22,66.64,115.52,10274.0
622,01/26/2022 23,58.78,114.21,10022.0
623,01/26/2022 24,53.46,112.9,9744.0
624,01/27/2022 01,50.01,111.58,9536.0
625,01/27/2022 02,56.52,110.63,9451.0
626,01/27/2022 03,61.91,110.39,9424.0
627,01/27/2022 04,62.32,109.56,9411.0
628,01/27/2022 05,67.32,108.74,9451.0
629,01/27/2022 06,123.98,108.48,9634.0
630,01/27/2022 07,181.93,108.2,9913.0
631,01/27/2022 08,287.31,107.64,10298.0
632,01/27/2022 09,113.5,107.58,10533.0
633,01/27/2022 10,64.7,107.54,10621.0
634,01/27/2022 11,65.23,107.27,10723.0
635,01/27/2022 12,60.99,106.42,10756.0
636,01/27/2022 13,55.2,105.61,10723.0
637,01/27/2022 14,49.16,105.48,10675.0
638,01/27/2022 15,49.23,105.15,10617.0
639,01/27/2022 16,57.3,105.07,10623.0
640,01/27/2022 17,61.06,104.57,10708.0
641,01/27/2022 18,60.72,103.76,10924.0
642,01/27/2022 19,51.78,103.31,10883.0
643,01/27/2022 20,48.59,103.17,10734.0
644,01/27/2022 21,48.19,103.15,10527.0
645,01/27/2022 22,48.31,103.15,10360.0
646,01/27/2022 23,47.08,103.16,10158.0
647,01/27/2022 24,45.61,103.17,9820.0
648,01/28/2022 01,48.01,103.17,9671.0
649,01/28/2022 02,48.07,103.15,9582.0
650,01/28/2022 03,47.1,103.13,9530.0
651,01/28/2022 04,45.71,103.12,9512.0
652,01/28/2022 05,39.66,103.08,9555.0
653,01/28/2022 06,40.87,103.02,9708.0
654,01/28/2022 07,48.61,102.98,10002.0
655,01/28/2022 08,63.9,102.98,10389.0
656,01/28/2022 09,70.35,102.91,10567.0
657,01/28/2022 10,69.47,101.77,10658.0
658,01/28/2022 11,63.58,100.52,10739.0
659,01/28/2022 12,52.36,99.31,10715.0
660,01/28/2022 13,45.69,99.2,10619.0
661,01/28/2022 14,45.48,99.17,10521.0
662,01/28/2022 15,45.2,99.14,10467.0
663,01/28/2022 16,43.15,99.09,10396.0
664,01/28/2022 17,47.72,99.06,10470.0
665,01/28/2022 18,49.17,99.05,10640.0
666,01/28/2022 19,47.96,99.07,10596.0
667,01/28/2022 20,46.72,99.07,10465.0
668,01/28/2022 21,49.05,99.07,10327.0
669,01/28/2022 22,48.7,99.07,10149.0
670,01/28/2022 23,48.47,99.08,9980.0
671,01/28/2022 24,48.6,99.09,9734.0
672,01/29/2022 01,49.2,99.1,9527.0
673,01/29/2022 02,49.38,99.11,9378.0
674,01/29/2022 03,48.79,99.13,9329.0
675,01/29/2022 04,48.14,99.14,9339.0
676,01/29/2022 05,48.91,99.13,9352.0
677,01/29/2022 06,49.44,99.12,9406.0
678,01/29/2022 07,58.98,99.13,9496.0
679,01/29/2022 08,62.46,99.12,9737.0
680,01/29/2022 09,65.54,99.11,9914.0
681,01/29/2022 10,55.02,99.08,10043.0
682,01/29/2022 11,49.07,99.01,10059.0
683,01/29/2022 12,49.03,98.95,10064.0
684,01/29/2022 13,49.44,98.91,10111.0
685,01/29/2022 14,54.79,98.88,10070.0
686,01/29/2022 15,48.95,98.84,10068.0
687,01/29/2022 16,48.76,98.81,10117.0
688,01/29/2022 17,54.03,98.64,10251.0
689,01/29/2022 18,63.63,98.07,10419.0
690,01/29/2022 19,66.85,98.02,10398.0
691,01/29/2022 20,64.39,97.9,10252.0
692,01/29/2022 21,60.14,97.87,10089.0
693,01/29/2022 22,54.78,97.82,10000.0
694,01/29/2022 23,52.5,97.79,9829.0
695,01/29/2022 24,50.8,97.76,9575.0
696,01/30/2022 01,47.22,97.71,9408.0
697,01/30/2022 02,47.28,97.67,9342.0
698,01/30/2022 03,47.11,97.64,9279.0
699,01/30/2022 04,46.94,97.6,9290.0
700,01/30/2022 05,45.16,97.54,9309.0
701,01/30/2022 06,48.0,97.46,9349.0
702,01/30/2022 07,48.14,97.34,9448.0
703,01/30/2022 08,48.17,97.3,9659.0
704,01/30/2022 09,48.61,97.06,9853.0
705,01/30/2022 10,57.34,96.67,10000.0
706,01/30/2022 11,61.06,96.29,10125.0
707,01/30/2022 12,48.48,95.76,10165.0
708,01/30/2022 13,48.05,95.35,10149.0
709,01/30/2022 14,47.91,95.18,10135.0
710,01/30/2022 15,45.25,94.88,10065.0
711,01/30/2022 16,42.39,94.73,10067.0
712,01/30/2022 17,46.64,94.02,10219.0
713,01/30/2022 18,52.95,93.0,10547.0
714,01/30/2022 19,65.68,92.16,10540.0
715,01/30/2022 20,50.58,92.05,10384.0
716,01/30/2022 21,46.82,92.02,10249.0
717,01/30/2022 22,43.27,91.98,10080.0
718,01/30/2022 23,36.72,91.94,9794.0
719,01/30/2022 24,33.28,91.89,9514.0
720,01/31/2022 01,34.88,91.85,9359.0
721,01/31/2022 02,33.01,91.81,9306.0
722,01/31/2022 03,32.18,91.77,9301.0
723,01/31/2022 04,28.09,91.75,9328.0
724,01/31/2022 05,29.54,91.71,9430.0
725,01/31/2022 06,34.16,91.68,9710.0
726,01/31/2022 07,41.48,91.66,10082.0
727,01/31/2022 08,46.34,91.67,10555.0
728,01/31/2022 09,56.58,91.69,10855.0
729,01/31/2022 10,61.51,91.72,10973.0
730,01/31/2022 11,67.17,91.76,11089.0
731,01/31/2022 12,63.22,91.77,11141.0
732,01/31/2022 13,72.43,91.8,11127.0
733,01/31/2022 14,77.04,91.83,11141.0
734,01/31/2022 15,74.19,91.86,11142.0
735,01/31/2022 16,73.67,91.89,11184.0
736,01/31/2022 17,65.89,91.9,11294.0
737,01/31/2022 18,73.76,91.88,11483.0
738,01/31/2022 19,73.65,91.89,11384.0
739,01/31/2022 20,75.2,91.9,11208.0
740,01/31/2022 21,72.62,91.92,11052.0
741,01/31/2022 22,74.47,91.96,10868.0
742,01/31/2022 23,69.6,91.99,10612.0
743,01/31/2022 24,68.26,92.01,10337.0
744,02/01/2022 01,70.99,92.04,10175.0
745,02/01/2022 02,68.17,92.09,10030.0
746,02/01/2022 03,64.98,92.13,9978.0
747,02/01/2022 04,64.75,92.17,9932.0
748,02/01/2022 05,63.18,92.21,10011.0
749,02/01/2022 06,67.24,92.25,10192.0
750,02/01/2022 07,75.29,92.29,10553.0
751,02/01/2022 08,77.11,92.33,10969.0
752,02/01/2022 09,79.77,92.37,11108.0
753,02/01/2022 10,79.47,92.42,11099.0
754,02/01/2022 11,88.64,92.49,11137.0
755,02/01/2022 12,88.7,92.55,11157.0
756,02/01/2022 13,87.92,92.61,11122.0
757,02/01/2022 14,89.97,92.66,11131.0
758,02/01/2022 15,89.08,92.71,11152.0
759,02/01/2022 16,88.81,92.77,11146.0
760,02/01/2022 17,89.56,92.81,11214.0
761,02/01/2022 18,155.54,92.93,11298.0
762,02/01/2022 19,114.3,92.88,11278.0
763,02/01/2022 20,89.42,92.87,11259.0
764,02/01/2022 21,87.32,92.84,11146.0
765,02/01/2022 22,79.91,92.84,10979.0
766,02/01/2022 23,66.97,92.79,10720.0
767,02/01/2022 24,75.0,92.77,10468.0
768,02/02/2022 01,76.6,92.78,10317.0
769,02/02/2022 02,76.25,92.79,10272.0
770,02/02/2022 03,76.25,92.8,10228.0
771,02/02/2022 04,76.25,92.81,10228.0
772,02/02/2022 05,78.26,92.82,10275.0
773,02/02/2022 06,113.62,92.88,10390.0
774,02/02/2022 07,213.16,93.07,10655.0
775,02/02/2022 08,225.35,93.3,11036.0
776,02/02/2022 09,173.87,93.43,11183.0
777,02/02/2022 10,90.49,93.32,11273.0
778,02/02/2022 11,87.19,93.14,11279.0
779,02/02/2022 12,79.1,93.04,11252.0
780,02/02/2022 13,79.18,92.9,11241.0
781,02/02/2022 14,69.22,92.74,11179.0
782,02/02/2022 15,52.09,92.57,11193.0
783,02/02/2022 16,49.55,92.45,11186.0
784,02/02/2022 17,45.77,92.36,11217.0
785,02/02/2022 18,41.31,92.22,11296.0
786,02/02/2022 19,42.5,92.17,11264.0
787,02/02/2022 20,52.46,92.15,11212.0
788,02/02/2022 21,54.83,92.12,11145.0
789,02/02/2022 22,58.02,92.1,10918.0
790,02/02/2022 23,51.31,92.08,10637.0
791,02/02/2022 24,43.65,92.04,10338.0
792,02/03/2022 01,47.51,92.03,10144.0
793,02/03/2022 02,52.07,92.03,10037.0
794,02/03/2022 03,51.36,92.01,9978.0
795,02/03/2022 04,52.48,91.99,9967.0
796,02/03/2022 05,49.02,91.97,10006.0
797,02/03/2022 06,47.61,91.94,10162.0
798,02/03/2022 07,53.56,91.9,10538.0
799,02/03/2022 08,70.13,91.9,11008.0
800,02/03/2022 09,82.12,91.92,11104.0
801,02/03/2022 10,82.6,91.93,11137.0
802,02/03/2022 11,82.77,91.92,11178.0
803,02/03/2022 12,81.27,91.92,11211.0
804,02/03/2022 13,79.31,91.92,11113.0
805,02/03/2022 14,77.19,91.92,11119.0
806,02/03/2022 15,77.92,91.91,11065.0
807,02/03/2022 16,80.48,91.8,11130.0
808,02/03/2022 17,86.19,91.46,11247.0
809,02/03/2022 18,91.94,90.64,11310.0
810,02/03/2022 19,131.42,89.84,11288.0
811,02/03/2022 20,145.01,89.2,11211.0
812,02/03/2022 21,86.41,89.02,11153.0
813,02/03/2022 22,85.63,89.01,10973.0
814,02/03/2022 23,78.9,89.01,10670.0
815,02/03/2022 24,64.67,88.81,10380.0
816,02/04/2022 01,54.59,88.76,10191.0
817,02/04/2022 02,51.0,88.72,10088.0
818,02/04/2022 03,44.28,88.67,10000.0
819,02/04/2022 04,44.56,88.63,10005.0
820,02/04/2022 05,44.86,88.58,10019.0
821,02/04/2022 06,45.9,88.53,10138.0
822,02/04/2022 07,51.12,88.49,10467.0
823,02/04/2022 08,51.92,88.45,10921.0
824,02/04/2022 09,53.2,88.31,11014.0
825,02/04/2022 10,53.89,87.99,11018.0
826,02/04/2022 11,53.53,87.48,11050.0
827,02/04/2022 12,61.88,86.88,11057.0
828,02/04/2022 13,54.26,86.1,11004.0
829,02/04/2022 14,64.55,85.33,10987.0
830,02/04/2022 15,65.74,84.57,10979.0
831,02/04/2022 16,56.1,83.88,10931.0
832,02/04/2022 17,53.33,82.96,10931.0
833,02/04/2022 18,55.49,81.99,10970.0
834,02/04/2022 19,53.97,81.06,10926.0
835,02/04/2022 20,53.43,80.19,10834.0
836,02/04/2022 21,51.76,79.5,10691.0
837,02/04/2022 22,51.06,79.11,10516.0
838,02/04/2022 23,47.58,79.06,10222.0
839,02/04/2022 24,39.34,78.81,9922.0
840,02/05/2022 01,34.29,78.74,9739.0
841,02/05/2022 02,40.93,78.68,9663.0
842,02/05/2022 03,38.69,78.63,9579.0
843,02/05/2022 04,36.81,78.59,9523.0
844,02/05/2022 05,39.75,78.56,9535.0
845,02/05/2022 06,36.14,78.53,9566.0
846,02/05/2022 07,40.11,78.49,9684.0
847,02/05/2022 08,44.66,78.46,9912.0
848,02/05/2022 09,49.5,78.41,10133.0
849,02/05/2022 10,46.72,78.36,10243.0
850,02/05/2022 11,56.27,78.32,10361.0
851,02/05/2022 12,50.28,78.27,10381.0
852,02/05/2022 13,55.11,77.98,10373.0
853,02/05/2022 14,48.89,77.93,10312.0
854,02/05/2022 15,44.91,77.87,10262.0
855,02/05/2022 16,84.25,77.66,10259.0
856,02/05/2022 17,618.34,78.09,10229.0
857,02/05/2022 18,974.17,78.76,10291.0
858,02/05/2022 19,999.64,79.58,10310.0
859,02/05/2022 20,702.58,80.29,10133.0
860,02/05/2022 21,146.35,80.32,10079.0
861,02/05/2022 22,84.49,80.32,10045.0
862,02/05/2022 23,49.59,80.28,9947.0
863,02/05/2022 24,42.29,80.23,9786.0
864,02/06/2022 01,33.88,80.17,9633.0
865,02/06/2022 02,35.42,80.12,9537.0
866,02/06/2022 03,39.38,80.08,9470.0
867,02/06/2022 04,35.71,80.03,9454.0
868,02/06/2022 05,34.32,79.99,9473.0
869,02/06/2022 06,41.76,79.94,9496.0
870,02/06/2022 07,40.26,79.9,9555.0
871,02/06/2022 08,37.44,79.84,9701.0
872,02/06/2022 09,44.61,79.8,9854.0
873,02/06/2022 10,51.67,79.54,9928.0
874,02/06/2022 11,62.84,79.03,10025.0
875,02/06/2022 12,45.17,78.1,10087.0
876,02/06/2022 13,45.9,77.23,10092.0
877,02/06/2022 14,44.11,76.35,10012.0
878,02/06/2022 15,43.88,75.47,9967.0
879,02/06/2022 16,44.22,74.65,9994.0
880,02/06/2022 17,56.11,73.84,10104.0
881,02/06/2022 18,69.11,73.26,10409.0
882,02/06/2022 19,68.29,72.91,10515.0
883,02/06/2022 20,52.65,72.85,10349.0
884,02/06/2022 21,44.02,72.77,10208.0
885,02/06/2022 22,42.39,72.7,9982.0
886,02/06/2022 23,42.72,72.64,9743.0
887,02/06/2022 24,42.41,72.57,9496.0
888,02/07/2022 01,39.07,72.52,9333.0
889,02/07/2022 02,39.07,72.48,9226.0
890,02/07/2022 03,43.54,72.44,9176.0
891,02/07/2022 04,47.92,72.42,9210.0
892,02/07/2022 05,57.17,72.4,9297.0
893,02/07/2022 06,39.57,72.35,9463.0
894,02/07/2022 07,47.46,72.31,9839.0
895,02/07/2022 08,74.42,72.32,10332.0
896,02/07/2022 09,81.27,72.33,10509.0
897,02/07/2022 10,70.67,72.29,10532.0
898,02/07/2022 11,59.07,72.21,10500.0
899,02/07/2022 12,59.33,72.13,10487.0
900,02/07/2022 13,72.87,72.08,10478.0
901,02/07/2022 14,108.28,72.06,10428.0
902,02/07/2022 15,60.09,72.01,10443.0
903,02/07/2022 16,69.86,72.0,10406.0
904,02/07/2022 17,61.53,71.99,10529.0
905,02/07/2022 18,85.98,71.98,10717.0
906,02/07/2022 19,73.09,71.98,10739.0
907,02/07/2022 20,56.77,71.99,10521.0
908,02/07/2022 21,50.46,72.0,10330.0
909,02/07/2022 22,42.66,72.0,10100.0
910,02/07/2022 23,43.21,72.0,9812.0
911,02/07/2022 24,38.69,71.99,9555.0
912,02/08/2022 01,33.24,71.99,9411.0
913,02/08/2022 02,32.51,71.98,9278.0
914,02/08/2022 03,32.39,71.98,9249.0
915,02/08/2022 04,34.1,71.98,9295.0
916,02/08/2022 05,37.89,71.96,9352.0
917,02/08/2022 06,40.96,71.94,9533.0
918,02/08/2022 07,57.08,71.94,9912.0
919,02/08/2022 08,50.24,71.92,10395.0
920,02/08/2022 09,48.42,71.88,10520.0
921,02/08/2022 10,60.24,71.88,10572.0
922,02/08/2022 11,53.04,71.87,10626.0
923,02/08/2022 12,49.42,71.86,10608.0
924,02/08/2022 13,43.5,71.84,10581.0
925,02/08/2022 14,39.07,71.82,10545.0
926,02/08/2022 15,40.58,71.8,10504.0
927,02/08/2022 16,43.02,71.77,10504.0
928,02/08/2022 17,42.23,71.74,10627.0
929,02/08/2022 18,49.77,71.71,10736.0
930,02/08/2022 19,59.54,71.7,10828.0
931,02/08/2022 20,49.12,71.7,10695.0
932,02/08/2022 21,44.96,71.69,10530.0
933,02/08/2022 22,60.45,71.7,10322.0
934,02/08/2022 23,58.34,71.72,10046.0
935,02/08/2022 24,46.34,71.74,9783.0
936,02/09/2022 01,41.43,71.76,9586.0
937,02/09/2022 02,40.04,71.78,9443.0
938,02/09/2022 03,37.28,71.79,9390.0
939,02/09/2022 04,37.26,71.8,9405.0
940,02/09/2022 05,36.92,71.81,9420.0
941,02/09/2022 06,39.19,71.82,9536.0
942,02/09/2022 07,51.84,71.84,9906.0
943,02/09/2022 08,65.83,71.86,10399.0
944,02/09/2022 09,52.07,71.86,10535.0
945,02/09/2022 10,50.36,71.87,10489.0
946,02/09/2022 11,52.87,71.87,10492.0
947,02/09/2022 12,62.52,71.89,10480.0
948,02/09/2022 13,69.73,71.91,10443.0
949,02/09/2022 14,69.67,71.92,10390.0
950,02/09/2022 15,70.47,71.95,10404.0
951,02/09/2022 16,60.58,71.96,10429.0
952,02/09/2022 17,50.6,71.96,10509.0
953,02/09/2022 18,41.5,71.94,10668.0
954,02/09/2022 19,38.23,71.92,10660.0
955,02/09/2022 20,37.58,71.91,10510.0
956,02/09/2022 21,43.49,71.91,10381.0
957,02/09/2022 22,41.32,71.91,10134.0
958,02/09/2022 23,38.91,71.9,9876.0
959,02/09/2022 24,37.84,71.9,9615.0
960,02/10/2022 01,36.48,71.91,9419.0
961,02/10/2022 02,34.44,71.91,9307.0
962,02/10/2022 03,35.23,71.9,9261.0
963,02/10/2022 04,34.33,71.89,9205.0
964,02/10/2022 05,37.95,71.89,9235.0
965,02/10/2022 06,49.09,71.88,9459.0
966,02/10/2022 07,60.24,71.87,9872.0
967,02/10/2022 08,56.25,71.86,10350.0
968,02/10/2022 09,43.05,71.83,10512.0
969,02/10/2022 10,47.41,71.82,10526.0
970,02/10/2022 11,55.42,71.81,10511.0
971,02/10/2022 12,58.66,71.81,10453.0
972,02/10/2022 13,45.26,71.79,10471.0
973,02/10/2022 14,39.78,71.75,10492.0
974,02/10/2022 15,39.77,71.7,10548.0
975,02/10/2022 16,39.77,71.67,10593.0
976,02/10/2022 17,50.92,71.64,10701.0
977,02/10/2022 18,165.67,71.69,10785.0
978,02/10/2022 19,287.25,72.0,10754.0
979,02/10/2022 20,252.3,72.26,10583.0
980,02/10/2022 21,254.42,72.52,10452.0
981,02/10/2022 22,79.17,72.54,10297.0
982,02/10/2022 23,151.74,72.67,10007.0
983,02/10/2022 24,62.82,72.67,9790.0
984,02/11/2022 01,65.08,72.68,9633.0
985,02/11/2022 02,94.09,72.74,9519.0
986,02/11/2022 03,153.62,72.88,9440.0
987,02/11/2022 04,74.0,72.91,9466.0
988,02/11/2022 05,51.46,72.9,9532.0
989,02/11/2022 06,76.91,72.93,9715.0
990,02/11/2022 07,52.94,72.92,10100.0
991,02/11/2022 08,49.53,72.9,10551.0
992,02/11/2022 09,52.27,72.87,10690.0
993,02/11/2022 10,53.78,72.72,10718.0
994,02/11/2022 11,52.6,72.69,10808.0
995,02/11/2022 12,49.45,72.65,10762.0
996,02/11/2022 13,49.73,72.61,10733.0
997,02/11/2022 14,51.62,72.58,10742.0
998,02/11/2022 15,50.55,72.56,10636.0
999,02/11/2022 16,90.48,72.59,10572.0
1000,02/11/2022 17,155.06,72.7,10552.0
1001,02/11/2022 18,444.13,73.15,10558.0
1002,02/11/2022 19,547.39,73.6,10632.0
1003,02/11/2022 20,283.78,73.44,10506.0
1004,02/11/2022 21,56.11,72.73,10405.0
1005,02/11/2022 22,35.15,72.25,10304.0
1006,02/11/2022 23,31.46,72.18,10118.0
1007,02/11/2022 24,28.76,72.13,9891.0
1008,02/12/2022 01,38.8,72.12,9741.0
1009,02/12/2022 02,39.84,72.12,9633.0
1010,02/12/2022 03,39.84,72.12,9552.0
1011,02/12/2022 04,37.15,72.13,9564.0
1012,02/12/2022 05,29.06,72.12,9525.0
1013,02/12/2022 06,30.5,72.12,9583.0
1014,02/12/2022 07,39.61,72.1,9758.0
1015,02/12/2022 08,48.17,72.09,9968.0
1016,02/12/2022 09,60.25,72.1,10094.0
1017,02/12/2022 10,70.65,72.12,10206.0
1018,02/12/2022 11,64.25,72.14,10277.0
1019,02/12/2022 12,63.82,72.15,10312.0
1020,02/12/2022 13,79.9,72.18,10294.0
1021,02/12/2022 14,95.53,72.23,10209.0
1022,02/12/2022 15,62.81,72.22,10139.0
1023,02/12/2022 16,54.2,72.2,10128.0
1024,02/12/2022 17,52.62,72.02,10222.0
1025,02/12/2022 18,49.18,71.8,10431.0
1026,02/12/2022 19,42.16,71.76,10575.0
1027,02/12/2022 20,33.41,71.69,10414.0
1028,02/12/2022 21,36.79,71.64,10270.0
1029,02/12/2022 22,38.5,71.6,10066.0
1030,02/12/2022 23,32.49,71.55,9859.0
1031,02/12/2022 24,28.2,71.51,9635.0
1032,02/13/2022 01,30.09,71.47,9485.0
1033,02/13/2022 02,29.08,71.42,9362.0
1034,02/13/2022 03,28.19,71.38,9266.0
1035,02/13/2022 04,28.22,71.34,9245.0
1036,02/13/2022 05,28.31,71.29,9275.0
1037,02/13/2022 06,30.06,71.24,9307.0
1038,02/13/2022 07,37.69,71.19,9438.0
1039,02/13/2022 08,60.05,71.0,9635.0
1040,02/13/2022 09,87.4,70.49,9805.0
1041,02/13/2022 10,72.8,70.29,9911.0
1042,02/13/2022 11,64.7,70.28,10046.0
1043,02/13/2022 12,64.42,70.27,10129.0
1044,02/13/2022 13,63.62,70.26,10141.0
1045,02/13/2022 14,62.05,70.26,10111.0
1046,02/13/2022 15,59.71,70.26,10061.0
1047,02/13/2022 16,66.52,70.27,10101.0
1048,02/13/2022 17,105.49,70.36,10310.0
1049,02/13/2022 18,177.32,70.53,10518.0
1050,02/13/2022 19,301.94,70.89,10546.0
1051,02/13/2022 20,229.46,71.13,10464.0
1052,02/13/2022 21,117.3,71.22,10312.0
1053,02/13/2022 22,85.07,71.27,10208.0
1054,02/13/2022 23,87.59,71.34,9982.0
1055,02/13/2022 24,63.35,71.37,9730.0
1056,02/14/2022 01,60.48,71.39,9591.0
1057,02/14/2022 02,52.54,71.41,9554.0
1058,02/14/2022 03,41.33,71.41,9477.0
1059,02/14/2022 04,36.42,71.41,9508.0
1060,02/14/2022 05,36.42,71.41,9555.0
1061,02/14/2022 06,53.18,71.43,9711.0
1062,02/14/2022 07,61.62,71.46,10128.0
1063,02/14/2022 08,66.62,71.49,10614.0
1064,02/14/2022 09,85.61,71.52,10796.0
1065,02/14/2022 10,86.42,71.56,10867.0
1066,02/14/2022 11,208.85,71.77,10785.0
1067,02/14/2022 12,66.58,71.78,10673.0
1068,02/14/2022 13,75.05,71.8,10664.0
1069,02/14/2022 14,74.82,71.83,10715.0
1070,02/14/2022 15,62.44,71.86,10744.0
1071,02/14/2022 16,61.9,71.88,10737.0
1072,02/14/2022 17,352.43,72.29,10685.0
1073,02/14/2022 18,402.49,72.75,10720.0
1074,02/14/2022 19,394.78,73.21,10768.0
1075,02/14/2022 20,371.02,73.65,10665.0
1076,02/14/2022 21,259.27,73.94,10491.0
1077,02/14/2022 22,63.81,73.95,10334.0
1078,02/14/2022 23,62.35,73.97,10110.0
1079,02/14/2022 24,93.52,74.02,9912.0
1080,02/15/2022 01,68.09,74.05,9716.0
1081,02/15/2022 02,66.98,74.07,9646.0
1082,02/15/2022 03,67.54,74.1,9660.0
1083,02/15/2022 04,66.73,74.13,9628.0
1084,02/15/2022 05,64.59,74.15,9649.0
1085,02/15/2022 06,65.67,74.17,9826.0
1086,02/15/2022 07,64.99,74.18,10191.0
1087,02/15/2022 08,61.17,74.19,10650.0
1088,02/15/2022 09,67.6,74.21,10811.0
1089,02/15/2022 10,84.68,74.25,10896.0
1090,02/15/2022 11,68.39,74.25,10979.0
1091,02/15/2022 12,70.88,74.28,10980.0
1092,02/15/2022 13,248.98,74.56,10845.0
1093,02/15/2022 14,383.69,75.03,10704.0
1094,02/15/2022 15,413.76,75.56,10641.0
1095,02/15/2022 16,451.58,76.13,10702.0
1096,02/15/2022 17,838.44,77.22,10736.0
1097,02/15/2022 18,827.44,78.29,10821.0
1098,02/15/2022 19,804.5,79.32,10858.0
1099,02/15/2022 20,411.42,79.83,10714.0
1100,02/15/2022 21,464.99,80.42,10531.0
1101,02/15/2022 22,279.89,80.73,10378.0
1102,02/15/2022 23,107.22,80.82,10238.0
1103,02/15/2022 24,60.85,80.85,10088.0
1104,02/16/2022 01,42.74,80.86,9929.0
1105,02/16/2022 02,53.25,80.89,9799.0
1106,02/16/2022 03,52.28,80.92,9734.0
1107,02/16/2022 04,61.29,80.96,9715.0
1108,02/16/2022 05,82.87,81.02,9794.0
1109,02/16/2022 06,211.46,81.26,10001.0
1110,02/16/2022 07,735.81,82.2,10238.0
1111,02/16/2022 08,449.06,82.74,10528.0
1112,02/16/2022 09,653.57,83.57,10598.0
1113,02/16/2022 10,571.41,84.27,10682.0
1114,02/16/2022 11,390.87,84.74,10729.0
1115,02/16/2022 12,121.97,84.84,10802.0
1116,02/16/2022 13,86.84,84.89,10829.0
1117,02/16/2022 14,79.61,84.93,10802.0
1118,02/16/2022 15,75.54,84.98,10797.0
1119,02/16/2022 16,77.36,85.01,10829.0
1120,02/16/2022 17,202.53,85.2,10960.0
1121,02/16/2022 18,290.38,85.51,11010.0
1122,02/16/2022 19,407.23,85.99,11001.0
1123,02/16/2022 20,111.2,86.07,10890.0
1124,02/16/2022 21,90.23,86.13,10823.0
1125,02/16/2022 22,81.84,86.17,10716.0
1126,02/16/2022 23,119.45,86.26,10486.0
1127,02/16/2022 24,69.18,86.29,10285.0
1128,02/17/2022 01,70.59,86.33,10060.0
1129,02/17/2022 02,56.7,86.35,9941.0
1130,02/17/2022 03,38.74,86.34,9914.0
1131,02/17/2022 04,33.53,86.33,9902.0
1132,02/17/2022 05,32.78,86.3,9939.0
1133,02/17/2022 06,33.81,86.28,10054.0
1134,02/17/2022 07,46.08,86.24,10361.0
1135,02/17/2022 08,49.88,86.18,10682.0
1136,02/17/2022 09,50.62,85.98,10780.0
1137,02/17/2022 10,42.73,85.88,10850.0
1138,02/17/2022 11,41.64,85.84,10876.0
1139,02/17/2022 12,48.27,85.81,10867.0
1140,02/17/2022 13,47.43,85.74,10829.0
1141,02/17/2022 14,46.93,85.71,10789.0
1142,02/17/2022 15,48.64,85.68,10760.0
1143,02/17/2022 16,53.01,85.63,10758.0
1144,02/17/2022 17,61.3,85.5,10732.0
1145,02/17/2022 18,74.17,84.91,10653.0
1146,02/17/2022 19,81.58,84.6,10706.0
1147,02/17/2022 20,69.55,84.56,10588.0
1148,02/17/2022 21,61.72,84.52,10478.0
1149,02/17/2022 22,54.56,84.48,10361.0
1150,02/17/2022 23,46.65,84.43,10178.0
1151,02/17/2022 24,61.25,84.4,9952.0
1152,02/18/2022 01,57.87,84.37,9795.0
1153,02/18/2022 02,38.8,84.32,9735.0
1154,02/18/2022 03,39.95,84.27,9765.0
1155,02/18/2022 04,56.33,84.26,9761.0
1156,02/18/2022 05,66.63,84.25,9818.0
1157,02/18/2022 06,63.77,84.24,9952.0
1158,02/18/2022 07,63.19,84.21,10279.0
1159,02/18/2022 08,105.83,84.25,10681.0
1160,02/18/2022 09,92.28,84.27,10840.0
1161,02/18/2022 10,227.37,84.49,10911.0
1162,02/18/2022 11,336.07,84.88,10913.0
1163,02/18/2022 12,374.68,85.32,10837.0
1164,02/18/2022 13,503.74,85.92,10768.0
1165,02/18/2022 14,593.62,86.66,10736.0
1166,02/18/2022 15,590.03,87.4,10671.0
1167,02/18/2022 16,197.39,87.59,10686.0
1168,02/18/2022 17,187.19,87.77,10820.0
1169,02/18/2022 18,167.32,87.9,10940.0
1170,02/18/2022 19,51.24,87.88,11008.0
1171,02/18/2022 20,39.94,87.86,10913.0
1172,02/18/2022 21,42.48,87.85,10834.0
1173,02/18/2022 22,44.25,87.85,10653.0
1174,02/18/2022 23,42.26,87.84,10396.0
1175,02/18/2022 24,37.37,87.82,10121.0
1176,02/19/2022 01,36.7,87.8,9928.0
1177,02/19/2022 02,35.7,87.78,9804.0
1178,02/19/2022 03,34.59,87.77,9726.0
1179,02/19/2022 04,34.15,87.75,9720.0
1180,02/19/2022 05,33.05,87.73,9625.0
1181,02/19/2022 06,32.74,87.71,9656.0
1182,02/19/2022 07,34.57,87.68,9784.0
1183,02/19/2022 08,46.34,87.67,10017.0
1184,02/19/2022 09,50.91,87.65,10165.0
1185,02/19/2022 10,48.85,87.63,10284.0
1186,02/19/2022 11,37.01,87.6,10408.0
1187,02/19/2022 12,46.12,87.59,10532.0
1188,02/19/2022 13,44.97,87.56,10543.0
1189,02/19/2022 14,38.55,87.54,10503.0
1190,02/19/2022 15,44.43,87.53,10533.0
1191,02/19/2022 16,41.62,87.52,10633.0
1192,02/19/2022 17,50.25,87.52,10792.0
1193,02/19/2022 18,64.32,87.51,10902.0
1194,02/19/2022 19,68.17,87.53,10936.0
1195,02/19/2022 20,72.54,87.56,10763.0
1196,02/19/2022 21,67.24,87.59,10631.0
1197,02/19/2022 22,55.2,87.6,10533.0
1198,02/19/2022 23,47.9,87.59,10388.0
1199,02/19/2022 24,56.32,87.6,10240.0
1200,02/20/2022 01,39.26,87.61,10060.0
1201,02/20/2022 02,46.76,87.62,9977.0
1202,02/20/2022 03,34.27,87.61,9938.0
1203,02/20/2022 04,38.27,87.61,9919.0
1204,02/20/2022 05,40.23,87.6,9954.0
1205,02/20/2022 06,56.96,87.61,10044.0
1206,02/20/2022 07,72.04,87.63,10208.0
1207,02/20/2022 08,67.85,87.63,10317.0
1208,02/20/2022 09,59.93,87.48,10330.0
1209,02/20/2022 10,73.8,87.49,10518.0
1210,02/20/2022 11,77.48,87.48,10602.0
1211,02/20/2022 12,77.1,87.46,10672.0
1212,02/20/2022 13,73.46,87.48,10676.0
1213,02/20/2022 14,72.88,87.52,10655.0
1214,02/20/2022 15,72.88,87.55,10670.0
1215,02/20/2022 16,76.09,87.59,10705.0
1216,02/20/2022 17,76.78,87.62,10792.0
1217,02/20/2022 18,80.25,87.64,10953.0
1218,02/20/2022 19,141.82,87.76,11053.0
1219,02/20/2022 20,83.51,87.8,11009.0
1220,02/20/2022 21,77.47,87.85,10970.0
1221,02/20/2022 22,90.78,87.92,10871.0
1222,02/20/2022 23,79.56,87.97,10647.0
1223,02/20/2022 24,126.64,88.08,10404.0
1224,02/21/2022 01,85.29,88.14,10334.0
1225,02/21/2022 02,77.09,88.19,10279.0
1226,02/21/2022 03,73.06,88.23,10123.0
1227,02/21/2022 04,69.0,88.28,10106.0
1228,02/21/2022 05,70.98,88.32,10154.0
1229,02/21/2022 06,76.08,88.39,10255.0
1230,02/21/2022 07,77.28,88.45,10427.0
1231,02/21/2022 08,78.57,88.51,10592.0
1232,02/21/2022 09,90.5,88.58,10759.0
1233,02/21/2022 10,168.31,88.74,10851.0
1234,02/21/2022 11,186.19,88.93,10884.0
1235,02/21/2022 12,282.46,89.24,10795.0
1236,02/21/2022 13,192.11,89.43,10832.0
1237,02/21/2022 14,185.82,89.6,10815.0
1238,02/21/2022 15,134.13,89.7,10859.0
1239,02/21/2022 16,124.13,89.79,10871.0
1240,02/21/2022 17,158.02,89.93,10993.0
1241,02/21/2022 18,357.65,90.32,10989.0
1242,02/21/2022 19,348.3,90.71,11067.0
1243,02/21/2022 20,177.03,90.9,11130.0
1244,02/21/2022 21,250.51,91.19,11157.0
1245,02/21/2022 22,123.99,91.31,11102.0
1246,02/21/2022 23,101.61,91.4,10867.0
1247,02/21/2022 24,167.89,91.58,10662.0
1248,02/22/2022 01,164.61,91.77,10507.0
1249,02/22/2022 02,111.21,91.88,10426.0
1250,02/22/2022 03,92.83,91.97,10394.0
1251,02/22/2022 04,96.94,92.07,10443.0
1252,02/22/2022 05,156.87,92.24,10488.0
1253,02/22/2022 06,182.67,92.46,10630.0
1254,02/22/2022 07,212.78,92.7,10922.0
1255,02/22/2022 08,747.83,93.69,11133.0
1256,02/22/2022 09,707.82,94.62,11184.0
1257,02/22/2022 10,737.41,95.58,11265.0
1258,02/22/2022 11,697.29,96.49,11254.0
1259,02/22/2022 12,696.51,97.4,11225.0
1260,02/22/2022 13,557.5,98.11,11190.0
1261,02/22/2022 14,669.74,98.97,11135.0
1262,02/22/2022 15,607.44,99.75,11059.0
1263,02/22/2022 16,473.74,100.33,11057.0
1264,02/22/2022 17,477.26,100.9,11118.0
1265,02/22/2022 18,671.57,101.72,11176.0
1266,02/22/2022 19,511.92,102.36,11323.0
1267,02/22/2022 20,412.99,102.83,11317.0
1268,02/22/2022 21,288.42,102.69,11213.0
1269,02/22/2022 22,106.48,102.22,11158.0
1270,02/22/2022 23,90.69,102.27,10964.0
1271,02/22/2022 24,76.0,102.3,10743.0
1272,02/23/2022 01,67.92,102.28,10618.0
1273,02/23/2022 02,63.17,102.25,10537.0
1274,02/23/2022 03,64.22,102.24,10529.0
1275,02/23/2022 04,61.0,102.26,10551.0
1276,02/23/2022 05,56.33,102.27,10585.0
1277,02/23/2022 06,57.89,102.27,10747.0
1278,02/23/2022 07,84.67,102.3,11084.0
1279,02/23/2022 08,82.61,102.33,11377.0
1280,02/23/2022 09,75.42,102.35,11353.0
1281,02/23/2022 10,58.45,102.34,11375.0
1282,02/23/2022 11,68.81,102.34,11411.0
1283,02/23/2022 12,62.12,102.33,11336.0
1284,02/23/2022 13,85.52,102.33,11325.0
1285,02/23/2022 14,82.73,102.34,11317.0
1286,02/23/2022 15,82.83,102.36,11291.0
1287,02/23/2022 16,83.2,102.39,11280.0
1288,02/23/2022 17,79.22,102.08,11244.0
1289,02/23/2022 18,70.92,101.33,11258.0
1290,02/23/2022 19,101.09,100.93,11295.0
1291,02/23/2022 20,82.81,100.91,11235.0
1292,02/23/2022 21,81.91,100.82,11150.0
1293,02/23/2022 22,69.45,100.72,10927.0
1294,02/23/2022 23,67.19,100.72,10715.0
1295,02/23/2022 24,67.41,100.47,10483.0
1296,02/24/2022 01,59.24,100.46,10281.0
1297,02/24/2022 02,60.24,100.44,10192.0
1298,02/24/2022 03,67.45,100.44,10139.0
1299,02/24/2022 04,66.33,100.44,10103.0
1300,02/24/2022 05,67.41,100.44,10155.0
1301,02/24/2022 06,71.29,100.44,10283.0
1302,02/24/2022 07,259.57,100.64,10559.0
1303,02/24/2022 08,92.66,100.67,10857.0
1304,02/24/2022 09,131.31,100.77,10906.0
1305,02/24/2022 10,152.62,100.91,10922.0
1306,02/24/2022 11,149.67,101.05,10913.0
1307,02/24/2022 12,110.59,101.14,10883.0
1308,02/24/2022 13,140.69,101.24,10871.0
1309,02/24/2022 14,132.63,101.34,10812.0
1310,02/24/2022 15,110.08,101.42,10771.0
1311,02/24/2022 16,176.39,101.59,10806.0
1312,02/24/2022 17,228.49,101.84,10788.0
1313,02/24/2022 18,272.17,102.04,10797.0
1314,02/24/2022 19,648.01,102.85,10863.0
1315,02/24/2022 20,255.55,103.14,10827.0
1316,02/24/2022 21,104.07,103.21,10848.0
1317,02/24/2022 22,86.36,103.26,10737.0
1318,02/24/2022 23,70.11,103.3,10498.0
1319,02/24/2022 24,59.04,103.32,10268.0
1320,02/25/2022 01,57.85,103.35,10133.0
1321,02/25/2022 02,53.83,103.37,10062.0
1322,02/25/2022 03,50.21,103.38,10053.0
1323,02/25/2022 04,49.18,103.38,10029.0
1324,02/25/2022 05,42.7,103.38,10060.0
1325,02/25/2022 06,43.05,103.36,10216.0
1326,02/25/2022 07,53.65,103.3,10561.0
1327,02/25/2022 08,58.37,102.86,10905.0
1328,02/25/2022 09,78.21,102.72,11009.0
1329,02/25/2022 10,74.37,102.7,10977.0
1330,02/25/2022 11,65.22,102.68,10943.0
1331,02/25/2022 12,75.82,102.63,10911.0
1332,02/25/2022 13,74.12,102.54,10875.0
1333,02/25/2022 14,69.11,102.53,10814.0
1334,02/25/2022 15,67.97,102.41,10707.0
1335,02/25/2022 16,64.18,102.39,10635.0
1336,02/25/2022 17,59.52,102.38,10636.0
1337,02/25/2022 18,67.77,102.27,10689.0
1338,02/25/2022 19,66.98,102.08,10844.0
1339,02/25/2022 20,57.18,102.02,10859.0
1340,02/25/2022 21,48.47,101.99,10778.0
1341,02/25/2022 22,59.77,101.98,10655.0
1342,02/25/2022 23,52.94,101.97,10436.0
1343,02/25/2022 24,47.85,101.96,10162.0
1344,02/26/2022 01,43.34,101.95,10014.0
1345,02/26/2022 02,41.99,101.93,9898.0
1346,02/26/2022 03,46.07,101.91,9850.0
1347,02/26/2022 04,49.06,101.89,9832.0
1348,02/26/2022 05,52.11,101.87,9854.0
1349,02/26/2022 06,40.97,101.76,9929.0
1350,02/26/2022 07,41.37,101.56,10037.0
1351,02/26/2022 08,63.34,101.25,10238.0
1352,02/26/2022 09,59.64,101.18,10369.0
1353,02/26/2022 10,65.46,101.18,10439.0
1354,02/26/2022 11,68.13,101.18,10517.0
1355,02/26/2022 12,68.61,101.19,10518.0
1356,02/26/2022 13,60.42,101.2,10478.0
1357,02/26/2022 14,55.05,101.21,10377.0
1358,02/26/2022 15,51.77,101.21,10373.0
1359,02/26/2022 16,63.09,101.22,10405.0
1360,02/26/2022 17,67.98,101.23,10394.0
1361,02/26/2022 18,66.31,101.24,10534.0
1362,02/26/2022 19,67.35,101.26,10651.0
1363,02/26/2022 20,60.3,101.27,10585.0
1364,02/26/2022 21,65.27,101.3,10469.0
1365,02/26/2022 22,64.84,101.32,10355.0
1366,02/26/2022 23,58.36,101.34,10094.0
1367,02/26/2022 24,51.54,101.35,9906.0
1368,02/27/2022 01,45.21,101.34,9781.0
1369,02/27/2022 02,37.06,101.33,9674.0
1370,02/27/2022 03,38.4,101.31,9665.0
1371,02/27/2022 04,36.84,101.3,9637.0
1372,02/27/2022 05,39.29,101.3,9658.0
1373,02/27/2022 06,40.22,101.3,9767.0
1374,02/27/2022 07,49.56,101.3,9957.0
1375,02/27/2022 08,60.9,101.3,10089.0
1376,02/27/2022 09,53.43,101.27,10255.0
1377,02/27/2022 10,63.68,101.27,10418.0
1378,02/27/2022 11,66.05,101.27,10516.0
1379,02/27/2022 12,65.61,101.29,10551.0
1380,02/27/2022 13,61.65,101.31,10535.0
1381,02/27/2022 14,44.8,101.31,10498.0
1382,02/27/2022 15,44.21,101.31,10543.0
1383,02/27/2022 16,46.13,101.31,10536.0
1384,02/27/2022 17,46.56,101.31,10589.0
1385,02/27/2022 18,58.01,101.32,10747.0
1386,02/27/2022 19,66.63,101.35,10911.0
1387,02/27/2022 20,69.21,101.38,10931.0
1388,02/27/2022 21,67.11,101.4,10841.0
1389,02/27/2022 22,63.3,101.42,10626.0
1390,02/27/2022 23,53.88,101.43,10311.0
1391,02/27/2022 24,53.88,101.44,9977.0
