,Date (HE),Time,Price ($),Date,HE,Dispatched
418,03/01/2022 01,24:00,72.74,2022-03-01,01,11045
417,03/01/2022 01,24:05,73.58,2022-03-01,01,11164
416,03/01/2022 01,24:28,73.23,2022-03-01,01,11115
415,03/01/2022 01,24:29,72.74,2022-03-01,01,11045
414,03/01/2022 02,01:00,72.85,2022-03-01,02,11054
413,03/01/2022 03,02:00,72.56,2022-03-01,03,11041
412,03/01/2022 04,03:00,72.94,2022-03-01,04,11021
411,03/01/2022 04,03:07,72.18,2022-03-01,04,10951
410,03/01/2022 04,03:56,72.94,2022-03-01,04,11021
409,03/01/2022 05,04:00,72.8,2022-03-01,05,11047
408,03/01/2022 06,05:00,72.57,2022-03-01,06,11048
407,03/01/2022 06,05:17,73.58,2022-03-01,06,11167
406,03/01/2022 06,05:48,75.44,2022-03-01,06,11226
405,03/01/2022 07,06:00,88.98,2022-03-01,07,11235
404,03/01/2022 07,06:34,101.01,2022-03-01,07,11303
403,03/01/2022 07,06:50,88.98,2022-03-01,07,11235
402,03/01/2022 07,06:52,75.44,2022-03-01,07,11154
401,03/01/2022 08,07:00,74.54,2022-03-01,08,11396
400,03/01/2022 08,07:10,72.74,2022-03-01,08,11297
399,03/01/2022 08,07:12,71.95,2022-03-01,08,11227
398,03/01/2022 08,07:14,71.77,2022-03-01,08,11205
397,03/01/2022 08,07:25,72.13,2022-03-01,08,11257
396,03/01/2022 08,07:26,72.74,2022-03-01,08,11297
395,03/01/2022 08,07:31,74.54,2022-03-01,08,11396
394,03/01/2022 08,07:56,72.74,2022-03-01,08,11297
393,03/01/2022 09,08:00,72.61,2022-03-01,09,11448
392,03/01/2022 10,09:00,73.03,2022-03-01,10,11495
391,03/01/2022 10,09:33,72.56,2022-03-01,10,11425
390,03/01/2022 10,09:36,72.31,2022-03-01,10,11385
389,03/01/2022 10,09:39,68.28,2022-03-01,10,11200
388,03/01/2022 11,10:00,68.14,2022-03-01,11,11104
387,03/01/2022 11,10:04,68.67,2022-03-01,11,11182
386,03/01/2022 11,10:17,67.35,2022-03-01,11,11058
385,03/01/2022 11,10:29,63.98,2022-03-01,11,10944
384,03/01/2022 12,11:00,63.98,2022-03-01,12,10789
383,03/01/2022 13,12:00,63.98,2022-03-01,13,10687
382,03/01/2022 14,13:00,61.42,2022-03-01,14,10702
381,03/01/2022 14,13:33,60.0,2022-03-01,14,10567
380,03/01/2022 15,14:00,60.0,2022-03-01,15,10717
379,03/01/2022 15,14:39,59.95,2022-03-01,15,10687
378,03/01/2022 16,15:00,59.95,2022-03-01,16,10708
377,03/01/2022 16,15:21,59.01,2022-03-01,16,10641
376,03/01/2022 17,16:00,59.01,2022-03-01,17,10712
375,03/01/2022 17,16:03,59.56,2022-03-01,17,10779
374,03/01/2022 17,16:10,60.0,2022-03-01,17,10809
373,03/01/2022 17,16:13,61.38,2022-03-01,17,10944
372,03/01/2022 18,17:00,61.37,2022-03-01,18,10909
371,03/01/2022 18,17:08,59.56,2022-03-01,18,10744
370,03/01/2022 19,18:00,59.56,2022-03-01,19,10730
369,03/01/2022 19,18:40,61.9,2022-03-01,19,10895
368,03/01/2022 19,18:57,60.0,2022-03-01,19,10760
367,03/01/2022 20,19:00,60.0,2022-03-01,20,10738
366,03/01/2022 20,19:28,59.56,2022-03-01,20,10708
365,03/01/2022 20,19:48,61.3,2022-03-01,20,10873
364,03/01/2022 20,19:51,63.98,2022-03-01,20,10918
363,03/01/2022 21,20:00,66.12,2022-03-01,21,10768
362,03/01/2022 21,20:13,68.14,2022-03-01,21,10914
361,03/01/2022 22,21:00,68.14,2022-03-01,22,10920
360,03/01/2022 22,21:06,70.71,2022-03-01,22,11062
359,03/01/2022 22,21:32,68.14,2022-03-01,22,10920
358,03/01/2022 22,21:33,66.94,2022-03-01,22,10874
357,03/01/2022 22,21:36,66.12,2022-03-01,22,10774
356,03/01/2022 23,22:00,66.12,2022-03-01,23,10764
355,03/01/2022 24,23:00,68.15,2022-03-01,24,10608
354,03/01/2022 24,23:41,65.74,2022-03-01,24,10453
353,03/02/2022 01,24:00,65.67,2022-03-02,01,10490
352,03/02/2022 01,24:19,60.0,2022-03-02,01,10397
351,03/02/2022 01,24:35,49.16,2022-03-02,01,10328
350,03/02/2022 02,01:00,49.16,2022-03-02,02,10323
349,03/02/2022 02,01:03,60.0,2022-03-02,02,10436
348,03/02/2022 02,01:07,65.67,2022-03-02,02,10529
347,03/02/2022 02,01:08,67.05,2022-03-02,02,10629
346,03/02/2022 02,01:14,65.67,2022-03-02,02,10529
345,03/02/2022 02,01:31,67.05,2022-03-02,02,10629
344,03/02/2022 02,01:36,67.17,2022-03-02,02,10676
343,03/02/2022 02,01:39,68.28,2022-03-02,02,10785
342,03/02/2022 02,01:56,74.94,2022-03-02,02,11065
341,03/02/2022 03,02:00,78.9,2022-03-02,03,10884
340,03/02/2022 03,02:03,95.0,2022-03-02,03,10928
339,03/02/2022 03,02:09,130.45,2022-03-02,03,11052
338,03/02/2022 03,02:50,87.45,2022-03-02,03,10927
337,03/02/2022 04,03:00,87.45,2022-03-02,04,11122
336,03/02/2022 04,03:04,78.9,2022-03-02,04,11075
335,03/02/2022 04,03:06,74.86,2022-03-02,04,11022
334,03/02/2022 04,03:46,74.09,2022-03-02,04,10952
333,03/02/2022 05,04:00,74.46,2022-03-02,05,11094
332,03/02/2022 05,04:15,73.22,2022-03-02,05,10979
331,03/02/2022 05,04:41,74.46,2022-03-02,05,11094
330,03/02/2022 06,05:00,74.05,2022-03-02,06,11210
329,03/02/2022 06,05:40,74.79,2022-03-02,06,11280
328,03/02/2022 07,06:00,74.61,2022-03-02,07,11454
327,03/02/2022 07,06:05,78.9,2022-03-02,07,11518
326,03/02/2022 07,06:33,98.6,2022-03-02,07,11566
325,03/02/2022 07,06:39,140.28,2022-03-02,07,11602
324,03/02/2022 07,06:41,196.25,2022-03-02,07,11661
323,03/02/2022 07,06:55,298.8,2022-03-02,07,11767
322,03/02/2022 08,07:00,74.15,2022-03-02,08,11819
321,03/02/2022 08,07:05,74.44,2022-03-02,08,11864
320,03/02/2022 08,07:10,74.53,2022-03-02,08,11934
319,03/02/2022 08,07:25,74.44,2022-03-02,08,11864
318,03/02/2022 08,07:36,74.53,2022-03-02,08,11934
317,03/02/2022 08,07:58,74.44,2022-03-02,08,11864
316,03/02/2022 09,08:00,74.26,2022-03-02,09,11760
315,03/02/2022 09,08:10,74.44,2022-03-02,09,11805
314,03/02/2022 09,08:57,74.73,2022-03-02,09,11875
313,03/02/2022 10,09:00,108.26,2022-03-02,10,11774
312,03/02/2022 10,09:26,123.36,2022-03-02,10,11821
311,03/02/2022 10,09:44,108.26,2022-03-02,10,11774
310,03/02/2022 11,10:00,131.26,2022-03-02,11,11822
309,03/02/2022 12,11:00,188.0,2022-03-02,12,11806
308,03/02/2022 13,12:00,298.8,2022-03-02,13,11853
307,03/02/2022 13,12:29,289.31,2022-03-02,13,11836
306,03/02/2022 13,12:30,278.22,2022-03-02,13,11792
305,03/02/2022 13,12:43,200.0,2022-03-02,13,11742
304,03/02/2022 14,13:00,278.22,2022-03-02,14,11809
303,03/02/2022 14,13:04,289.31,2022-03-02,14,11853
302,03/02/2022 14,13:28,278.22,2022-03-02,14,11809
301,03/02/2022 14,13:38,200.0,2022-03-02,14,11759
300,03/02/2022 15,14:00,200.0,2022-03-02,15,11770
299,03/02/2022 15,14:25,278.22,2022-03-02,15,11820
298,03/02/2022 15,14:55,289.31,2022-03-02,15,11864
297,03/02/2022 16,15:00,289.31,2022-03-02,16,11779
296,03/02/2022 16,15:27,278.22,2022-03-02,16,11735
295,03/02/2022 17,16:00,278.22,2022-03-02,17,11808
294,03/02/2022 17,16:31,289.31,2022-03-02,17,11852
293,03/02/2022 17,16:41,300.0,2022-03-02,17,11866
292,03/02/2022 17,16:53,289.31,2022-03-02,17,11852
291,03/02/2022 17,16:58,278.22,2022-03-02,17,11808
290,03/02/2022 18,17:00,278.22,2022-03-02,18,11902
289,03/02/2022 18,17:18,289.31,2022-03-02,18,11942
288,03/02/2022 18,17:23,300.0,2022-03-02,18,11956
287,03/02/2022 18,17:29,325.27,2022-03-02,18,12036
286,03/02/2022 19,18:00,325.27,2022-03-02,19,12217
285,03/02/2022 19,18:03,300.0,2022-03-02,19,12137
284,03/02/2022 20,19:00,300.0,2022-03-02,20,12138
283,03/02/2022 20,19:16,289.31,2022-03-02,20,12124
282,03/02/2022 20,19:22,200.0,2022-03-02,20,12031
281,03/02/2022 20,19:24,191.22,2022-03-02,20,11954
280,03/02/2022 20,19:33,180.34,2022-03-02,20,11924
279,03/02/2022 21,20:00,180.34,2022-03-02,21,11918
278,03/02/2022 22,21:00,180.34,2022-03-02,22,11804
277,03/02/2022 22,21:38,108.26,2022-03-02,22,11765
276,03/02/2022 22,21:42,101.32,2022-03-02,22,11714
275,03/02/2022 23,22:00,74.26,2022-03-02,23,11606
274,03/02/2022 23,22:13,72.25,2022-03-02,23,11536
273,03/02/2022 23,22:30,69.43,2022-03-02,23,11443
272,03/02/2022 23,22:32,68.38,2022-03-02,23,11443
271,03/02/2022 24,23:00,87.45,2022-03-02,24,11445
270,03/02/2022 24,23:04,196.25,2022-03-02,24,11845
269,03/02/2022 24,23:11,188.0,2022-03-02,24,11790
268,03/02/2022 24,23:17,87.45,2022-03-02,24,11445
267,03/02/2022 24,23:26,74.57,2022-03-02,24,11354
266,03/02/2022 24,23:32,74.5,2022-03-02,24,11231
265,03/03/2022 01,24:00,79.23,2022-03-03,01,11273
264,03/03/2022 01,24:09,78.93,2022-03-03,01,11203
263,03/03/2022 01,24:17,76.72,2022-03-03,01,11133
262,03/03/2022 02,01:00,76.72,2022-03-03,02,11127
261,03/03/2022 02,01:04,75.01,2022-03-03,02,11078
260,03/03/2022 02,01:31,70.04,2022-03-03,02,11031
259,03/03/2022 03,02:00,70.35,2022-03-03,03,11086
258,03/03/2022 03,02:06,69.23,2022-03-03,03,11036
257,03/03/2022 04,03:00,69.79,2022-03-03,04,11041
256,03/03/2022 04,03:44,68.79,2022-03-03,04,10971
255,03/03/2022 05,04:00,68.27,2022-03-03,05,11037
254,03/03/2022 06,05:00,70.9,2022-03-03,06,11114
253,03/03/2022 06,05:21,78.52,2022-03-03,06,11291
252,03/03/2022 06,05:26,80.0,2022-03-03,06,11414
251,03/03/2022 06,05:51,78.52,2022-03-03,06,11291
250,03/03/2022 07,06:00,79.21,2022-03-03,07,11453
249,03/03/2022 07,06:04,82.56,2022-03-03,07,11552
248,03/03/2022 07,06:29,105.0,2022-03-03,07,11593
247,03/03/2022 07,06:35,159.98,2022-03-03,07,11712
246,03/03/2022 08,07:00,79.19,2022-03-03,08,11847
245,03/03/2022 08,07:10,89.99,2022-03-03,08,11879
244,03/03/2022 08,07:15,95.0,2022-03-03,08,11917
243,03/03/2022 08,07:16,200.0,2022-03-03,08,12009
242,03/03/2022 09,08:00,265.22,2022-03-03,09,11966
241,03/03/2022 09,08:05,316.25,2022-03-03,09,12015
240,03/03/2022 09,08:08,319.0,2022-03-03,09,12095
239,03/03/2022 09,08:15,316.25,2022-03-03,09,12015
238,03/03/2022 09,08:17,291.82,2022-03-03,09,12011
237,03/03/2022 09,08:21,265.22,2022-03-03,09,11966
236,03/03/2022 09,08:31,200.0,2022-03-03,09,11880
235,03/03/2022 09,08:48,265.22,2022-03-03,09,11966
234,03/03/2022 10,09:00,319.0,2022-03-03,10,12072
233,03/03/2022 10,09:07,291.82,2022-03-03,10,11988
232,03/03/2022 10,09:08,265.22,2022-03-03,10,11943
231,03/03/2022 10,09:38,291.82,2022-03-03,10,11988
230,03/03/2022 11,10:00,254.25,2022-03-03,11,11971
229,03/03/2022 11,10:40,265.22,2022-03-03,11,12022
228,03/03/2022 12,11:00,301.66,2022-03-03,12,11964
227,03/03/2022 13,12:00,254.25,2022-03-03,13,11927
226,03/03/2022 13,12:09,215.22,2022-03-03,13,11892
225,03/03/2022 13,12:21,254.25,2022-03-03,13,11927
224,03/03/2022 13,12:33,301.66,2022-03-03,13,11978
223,03/03/2022 14,13:00,301.66,2022-03-03,14,12008
222,03/03/2022 14,13:05,254.25,2022-03-03,14,11957
221,03/03/2022 14,13:14,215.22,2022-03-03,14,11922
220,03/03/2022 15,14:00,200.0,2022-03-03,15,11886
219,03/03/2022 15,14:49,215.22,2022-03-03,15,11936
218,03/03/2022 16,15:00,215.22,2022-03-03,16,11934
217,03/03/2022 16,15:22,254.25,2022-03-03,16,11969
216,03/03/2022 17,16:00,254.25,2022-03-03,17,12050
215,03/03/2022 17,16:07,301.66,2022-03-03,17,12101
214,03/03/2022 17,16:26,215.22,2022-03-03,17,12015
213,03/03/2022 17,16:28,209.22,2022-03-03,17,11965
212,03/03/2022 17,16:35,200.0,2022-03-03,17,11950
211,03/03/2022 17,16:36,187.25,2022-03-03,17,11923
210,03/03/2022 17,16:38,111.11,2022-03-03,17,11897
209,03/03/2022 17,16:45,187.25,2022-03-03,17,11923
208,03/03/2022 17,16:48,209.22,2022-03-03,17,11965
207,03/03/2022 17,16:50,215.22,2022-03-03,17,12015
206,03/03/2022 17,16:56,254.25,2022-03-03,17,12050
205,03/03/2022 18,17:00,215.22,2022-03-03,18,12060
204,03/03/2022 18,17:03,209.22,2022-03-03,18,12010
203,03/03/2022 18,17:07,200.0,2022-03-03,18,11995
202,03/03/2022 18,17:18,209.22,2022-03-03,18,12010
201,03/03/2022 18,17:26,215.22,2022-03-03,18,12060
200,03/03/2022 19,18:00,215.22,2022-03-03,19,12031
199,03/03/2022 19,18:07,209.22,2022-03-03,19,11981
198,03/03/2022 19,18:26,215.22,2022-03-03,19,12031
197,03/03/2022 20,19:00,210.25,2022-03-03,20,12097
196,03/03/2022 20,19:08,200.0,2022-03-03,20,12017
195,03/03/2022 20,19:22,109.0,2022-03-03,20,11935
194,03/03/2022 20,19:30,105.0,2022-03-03,20,11903
193,03/03/2022 21,20:00,111.11,2022-03-03,21,11884
192,03/03/2022 21,20:11,187.25,2022-03-03,21,11909
191,03/03/2022 21,20:55,100.25,2022-03-03,21,11770
190,03/03/2022 22,21:00,79.49,2022-03-03,22,11712
189,03/03/2022 22,21:25,89.99,2022-03-03,22,11743
188,03/03/2022 22,21:33,79.49,2022-03-03,22,11712
187,03/03/2022 23,22:00,79.1,2022-03-03,23,11479
186,03/03/2022 23,22:09,89.99,2022-03-03,23,11510
185,03/03/2022 23,22:22,79.1,2022-03-03,23,11479
184,03/03/2022 23,22:27,78.78,2022-03-03,23,11409
183,03/03/2022 24,23:00,145.45,2022-03-03,24,11497
182,03/03/2022 24,23:13,109.0,2022-03-03,24,11366
181,03/03/2022 24,23:15,105.25,2022-03-03,24,11334
180,03/03/2022 24,23:17,82.56,2022-03-03,24,11244
179,03/03/2022 24,23:29,79.22,2022-03-03,24,11146
178,03/04/2022 01,24:00,83.24,2022-03-04,01,10969
177,03/04/2022 01,24:33,80.7,2022-03-04,01,10859
176,03/04/2022 01,24:57,79.05,2022-03-04,01,10752
175,03/04/2022 02,01:00,78.97,2022-03-04,02,10803
174,03/04/2022 03,02:00,79.3,2022-03-04,03,10796
173,03/04/2022 03,02:43,77.25,2022-03-04,03,10771
172,03/04/2022 03,02:45,64.38,2022-03-04,03,10668
171,03/04/2022 04,03:00,64.38,2022-03-04,04,10733
170,03/04/2022 04,03:28,59.93,2022-03-04,04,10719
169,03/04/2022 04,03:32,52.59,2022-03-04,04,10715
168,03/04/2022 04,03:42,51.47,2022-03-04,04,10715
167,03/04/2022 05,04:00,51.47,2022-03-04,05,10709
166,03/04/2022 05,04:21,59.93,2022-03-04,05,10770
165,03/04/2022 05,04:31,64.38,2022-03-04,05,10784
164,03/04/2022 05,04:44,77.25,2022-03-04,05,10887
163,03/04/2022 06,05:00,77.25,2022-03-04,06,10894
162,03/04/2022 06,05:46,78.94,2022-03-04,06,10919
161,03/04/2022 06,05:47,80.0,2022-03-04,06,10971
160,03/04/2022 07,06:00,80.18,2022-03-04,07,11004
159,03/04/2022 07,06:07,81.09,2022-03-04,07,11069
158,03/04/2022 07,06:26,83.24,2022-03-04,07,11139
157,03/04/2022 07,06:36,83.34,2022-03-04,07,11209
156,03/04/2022 07,06:39,85.0,2022-03-04,07,11260
155,03/04/2022 07,06:44,110.0,2022-03-04,07,11304
154,03/04/2022 07,06:56,83.34,2022-03-04,07,11209
153,03/04/2022 08,07:00,80.0,2022-03-04,08,11372
152,03/04/2022 08,07:03,72.45,2022-03-04,08,11266
151,03/04/2022 08,07:06,78.91,2022-03-04,08,11367
150,03/04/2022 08,07:09,80.56,2022-03-04,08,11427
149,03/04/2022 08,07:25,81.45,2022-03-04,08,11467
148,03/04/2022 08,07:50,83.09,2022-03-04,08,11537
147,03/04/2022 09,08:00,83.12,2022-03-04,09,11542
146,03/04/2022 09,08:25,83.04,2022-03-04,09,11472
145,03/04/2022 09,08:26,83.12,2022-03-04,09,11542
144,03/04/2022 10,09:00,83.42,2022-03-04,10,11463
143,03/04/2022 10,09:36,99.0,2022-03-04,10,11501
142,03/04/2022 10,09:46,83.42,2022-03-04,10,11463
141,03/04/2022 11,10:00,83.6,2022-03-04,11,11559
140,03/04/2022 11,10:17,83.25,2022-03-04,11,11489
139,03/04/2022 11,10:21,83.6,2022-03-04,11,11559
138,03/04/2022 11,10:44,83.25,2022-03-04,11,11489
137,03/04/2022 12,11:00,83.08,2022-03-04,12,11447
136,03/04/2022 12,11:12,81.39,2022-03-04,12,11377
135,03/04/2022 12,11:26,80.93,2022-03-04,12,11337
134,03/04/2022 12,11:33,80.48,2022-03-04,12,11312
133,03/04/2022 12,11:53,80.93,2022-03-04,12,11337
132,03/04/2022 13,12:00,80.75,2022-03-04,13,11208
131,03/04/2022 13,12:02,83.3,2022-03-04,13,11369
130,03/04/2022 13,12:07,81.14,2022-03-04,13,11248
129,03/04/2022 13,12:10,82.05,2022-03-04,13,11299
128,03/04/2022 13,12:22,81.14,2022-03-04,13,11248
127,03/04/2022 13,12:33,80.75,2022-03-04,13,11208
126,03/04/2022 13,12:43,80.0,2022-03-04,13,11153
125,03/04/2022 13,12:48,77.07,2022-03-04,13,11123
124,03/04/2022 14,13:00,77.07,2022-03-04,14,11252
123,03/04/2022 14,13:07,80.0,2022-03-04,14,11282
122,03/04/2022 14,13:10,80.81,2022-03-04,14,11337
121,03/04/2022 14,13:42,80.0,2022-03-04,14,11282
120,03/04/2022 14,13:47,77.07,2022-03-04,14,11252
119,03/04/2022 14,13:53,73.97,2022-03-04,14,11125
118,03/04/2022 14,13:57,71.49,2022-03-04,14,10969
117,03/04/2022 15,14:00,71.49,2022-03-04,15,11044
116,03/04/2022 15,14:03,72.45,2022-03-04,15,11090
115,03/04/2022 15,14:40,73.66,2022-03-04,15,11170
114,03/04/2022 15,14:44,72.45,2022-03-04,15,11090
113,03/04/2022 15,14:46,73.66,2022-03-04,15,11170
112,03/04/2022 15,14:49,71.49,2022-03-04,15,11044
111,03/04/2022 15,14:51,72.45,2022-03-04,15,11090
110,03/04/2022 16,15:00,71.49,2022-03-04,16,10985
109,03/04/2022 16,15:02,71.68,2022-03-04,16,11065
108,03/04/2022 16,15:08,72.45,2022-03-04,16,11111
107,03/04/2022 16,15:19,74.65,2022-03-04,16,11185
106,03/04/2022 16,15:55,80.0,2022-03-04,16,11290
105,03/04/2022 17,16:00,80.0,2022-03-04,17,11337
104,03/04/2022 17,16:07,80.97,2022-03-04,17,11392
103,03/04/2022 17,16:32,81.33,2022-03-04,17,11432
102,03/04/2022 17,16:47,83.29,2022-03-04,17,11502
101,03/04/2022 18,17:00,83.22,2022-03-04,18,11697
100,03/04/2022 18,17:03,81.45,2022-03-04,18,11627
99,03/04/2022 18,17:05,80.94,2022-03-04,18,11587
98,03/04/2022 18,17:06,80.54,2022-03-04,18,11562
97,03/04/2022 18,17:09,81.45,2022-03-04,18,11627
96,03/04/2022 18,17:10,80.94,2022-03-04,18,11587
95,03/04/2022 18,17:15,80.0,2022-03-04,18,11532
94,03/04/2022 18,17:20,80.54,2022-03-04,18,11562
93,03/04/2022 18,17:28,80.94,2022-03-04,18,11587
92,03/04/2022 19,18:00,80.0,2022-03-04,19,11673
91,03/04/2022 19,18:05,75.01,2022-03-04,19,11569
90,03/04/2022 19,18:10,71.68,2022-03-04,19,11447
89,03/04/2022 19,18:25,74.65,2022-03-04,19,11567
88,03/04/2022 19,18:30,76.89,2022-03-04,19,11643
87,03/04/2022 20,19:00,76.89,2022-03-04,20,11661
86,03/04/2022 20,19:10,74.65,2022-03-04,20,11584
85,03/04/2022 21,20:00,72.45,2022-03-04,21,11504
84,03/04/2022 21,20:45,79.28,2022-03-04,21,11680
83,03/04/2022 21,20:55,80.93,2022-03-04,21,11740
82,03/04/2022 22,21:00,100.0,2022-03-04,22,11773
81,03/04/2022 22,21:13,83.33,2022-03-04,22,11653
80,03/04/2022 22,21:20,80.79,2022-03-04,22,11543
79,03/04/2022 22,21:35,80.14,2022-03-04,22,11488
78,03/04/2022 22,21:50,81.31,2022-03-04,22,11583
77,03/04/2022 23,22:00,80.85,2022-03-04,23,11370
76,03/04/2022 23,22:20,80.11,2022-03-04,23,11345
75,03/04/2022 23,22:25,80.0,2022-03-04,23,11315
74,03/04/2022 23,22:30,73.97,2022-03-04,23,11239
73,03/04/2022 23,22:45,79.2,2022-03-04,23,11310
72,03/04/2022 23,22:55,80.85,2022-03-04,23,11370
71,03/04/2022 24,23:00,105.25,2022-03-04,24,11304
70,03/04/2022 24,23:15,88.69,2022-03-04,24,11240
69,03/04/2022 24,23:20,82.56,2022-03-04,24,11074
68,03/04/2022 24,23:25,80.11,2022-03-04,24,10963
67,03/04/2022 24,23:40,80.57,2022-03-04,24,10988
66,03/04/2022 24,23:50,78.92,2022-03-04,24,10881
65,03/04/2022 24,23:55,74.28,2022-03-04,24,10804
64,03/05/2022 01,24:00,66.42,2022-03-05,01,10926
63,03/05/2022 01,24:45,80.65,2022-03-05,01,11109
62,03/05/2022 01,24:50,84.67,2022-03-05,01,11236
61,03/05/2022 01,24:55,85.63,2022-03-05,01,11322
60,03/05/2022 02,01:00,86.97,2022-03-05,02,11034
59,03/05/2022 02,01:15,85.05,2022-03-05,02,10918
58,03/05/2022 02,01:20,84.65,2022-03-05,02,10878
57,03/05/2022 02,01:25,84.14,2022-03-05,02,10853
56,03/05/2022 02,01:50,80.65,2022-03-05,02,10751
55,03/05/2022 03,02:00,80.14,2022-03-05,03,10932
54,03/05/2022 03,02:15,77.51,2022-03-05,03,10927
53,03/05/2022 03,02:28,66.42,2022-03-05,03,10797
52,03/05/2022 04,03:00,67.12,2022-03-05,04,10825
51,03/05/2022 04,03:25,77.51,2022-03-05,04,10879
50,03/05/2022 05,04:00,77.51,2022-03-05,05,10923
49,03/05/2022 05,04:25,80.65,2022-03-05,05,10977
48,03/05/2022 06,05:00,82.9,2022-03-05,06,11019
47,03/05/2022 06,05:35,84.44,2022-03-05,06,11074
46,03/05/2022 07,06:00,84.34,2022-03-05,07,11278
45,03/05/2022 08,07:00,75.98,2022-03-05,08,11356
44,03/05/2022 09,08:00,75.98,2022-03-05,09,11404
43,03/05/2022 10,09:00,75.5,2022-03-05,10,11398
42,03/05/2022 10,09:40,81.15,2022-03-05,10,11532
41,03/05/2022 11,10:00,83.14,2022-03-05,11,11590
40,03/05/2022 12,11:00,81.15,2022-03-05,12,11581
39,03/05/2022 12,11:47,75.5,2022-03-05,12,11450
38,03/05/2022 13,12:00,75.5,2022-03-05,13,11431
37,03/05/2022 13,12:23,74.86,2022-03-05,13,11380
36,03/05/2022 13,12:29,71.52,2022-03-05,13,11269
35,03/05/2022 14,13:00,71.52,2022-03-05,14,11349
34,03/05/2022 14,13:20,67.85,2022-03-05,14,11249
33,03/05/2022 14,13:43,63.95,2022-03-05,14,11148
32,03/05/2022 15,14:00,63.95,2022-03-05,15,11267
31,03/05/2022 15,14:30,52.59,2022-03-05,15,11164
30,03/05/2022 16,15:00,52.59,2022-03-05,16,11257
29,03/05/2022 16,15:24,52.66,2022-03-05,16,11294
28,03/05/2022 16,15:43,69.21,2022-03-05,16,11410
27,03/05/2022 17,16:00,69.21,2022-03-05,17,11434
26,03/05/2022 17,16:31,74.86,2022-03-05,17,11590
25,03/05/2022 17,16:37,75.5,2022-03-05,17,11715
24,03/05/2022 17,16:44,84.6,2022-03-05,17,11800
23,03/05/2022 18,17:00,84.62,2022-03-05,18,11848
22,03/05/2022 18,17:42,85.7,2022-03-05,18,11914
21,03/05/2022 18,17:47,87.23,2022-03-05,18,11984
20,03/05/2022 18,17:48,87.44,2022-03-05,18,12054
19,03/05/2022 19,18:00,87.21,2022-03-05,19,12079
18,03/05/2022 19,18:13,87.08,2022-03-05,19,12009
17,03/05/2022 19,18:38,87.21,2022-03-05,19,12079
16,03/05/2022 20,19:00,87.2,2022-03-05,20,12128
15,03/05/2022 20,19:20,87.14,2022-03-05,20,12058
14,03/05/2022 20,19:27,85.61,2022-03-05,20,11988
13,03/05/2022 21,20:00,84.26,2022-03-05,21,11925
12,03/05/2022 21,20:22,84.0,2022-03-05,21,11889
11,03/05/2022 21,20:52,75.5,2022-03-05,21,11840
10,03/05/2022 22,21:00,75.5,2022-03-05,22,11746
9,03/05/2022 22,21:04,75.45,2022-03-05,22,11697
8,03/05/2022 22,21:54,74.86,2022-03-05,22,11621
7,03/05/2022 22,21:59,65.0,2022-03-05,22,11496
6,03/05/2022 23,22:00,65.0,2022-03-05,23,11347
5,03/05/2022 23,22:31,63.95,2022-03-05,23,11312
4,03/05/2022 23,22:38,62.13,2022-03-05,23,11312
3,03/05/2022 24,23:00,74.86,2022-03-05,24,11180
2,03/05/2022 24,23:18,75.45,2022-03-05,24,11256
1,03/05/2022 24,23:29,74.86,2022-03-05,24,11180
0,03/05/2022 24,23:40,52.66,2022-03-05,24,11061
2945,03/06/2022 01,24:00,52.66,2022-03-06,01,11010
2944,03/06/2022 01,24:05,47.85,2022-03-06,01,10931
2943,03/06/2022 01,24:21,45.66,2022-03-06,01,10888
2942,03/06/2022 01,24:26,43.11,2022-03-06,01,10840
2941,03/06/2022 01,24:57,46.25,2022-03-06,01,10898
2940,03/06/2022 02,01:00,51.9,2022-03-06,02,10597
2939,03/06/2022 02,01:03,62.5,2022-03-06,02,10701
2938,03/06/2022 02,01:11,63.95,2022-03-06,02,10701
2937,03/06/2022 02,01:47,62.5,2022-03-06,02,10701
2936,03/06/2022 02,01:53,55.01,2022-03-06,02,10640
2935,03/06/2022 03,02:00,52.66,2022-03-06,03,10621
2934,03/06/2022 03,02:29,58.5,2022-03-06,03,10686
2933,03/06/2022 04,03:00,55.01,2022-03-06,04,10711
2932,03/06/2022 04,03:05,52.66,2022-03-06,04,10707
2931,03/06/2022 04,03:17,51.9,2022-03-06,04,10668
2930,03/06/2022 05,04:00,51.9,2022-03-06,05,10686
2929,03/06/2022 05,04:53,50.0,2022-03-06,05,10662
2928,03/06/2022 06,05:00,46.25,2022-03-06,06,10604
2927,03/06/2022 06,05:06,50.0,2022-03-06,06,10653
2926,03/06/2022 06,05:22,52.66,2022-03-06,06,10716
2925,03/06/2022 06,05:37,61.22,2022-03-06,06,10800
2924,03/06/2022 07,06:00,61.22,2022-03-06,07,10773
2923,03/06/2022 07,06:10,63.95,2022-03-06,07,10836
2922,03/06/2022 07,06:34,75.45,2022-03-06,07,10950
2921,03/06/2022 07,06:52,76.43,2022-03-06,07,10994
2920,03/06/2022 08,07:00,72.52,2022-03-06,08,11167
2919,03/06/2022 08,07:04,65.0,2022-03-06,08,11048
2918,03/06/2022 08,07:10,63.95,2022-03-06,08,11011
2917,03/06/2022 08,07:38,65.0,2022-03-06,08,11048
2916,03/06/2022 09,08:00,69.63,2022-03-06,09,11060
2915,03/06/2022 09,08:05,72.52,2022-03-06,09,11105
2914,03/06/2022 09,08:08,76.22,2022-03-06,09,11157
2913,03/06/2022 09,08:17,72.52,2022-03-06,09,11105
2912,03/06/2022 09,08:24,69.63,2022-03-06,09,11060
2911,03/06/2022 09,08:44,63.95,2022-03-06,09,10950
2910,03/06/2022 09,08:58,61.22,2022-03-06,09,10950
2909,03/06/2022 10,09:00,61.22,2022-03-06,10,11238
2908,03/06/2022 10,09:04,52.66,2022-03-06,10,11155
2907,03/06/2022 10,09:07,52.47,2022-03-06,10,11115
2906,03/06/2022 10,09:34,52.66,2022-03-06,10,11155
2905,03/06/2022 11,10:00,52.0,2022-03-06,11,11167
2904,03/06/2022 11,10:24,52.66,2022-03-06,11,11206
2903,03/06/2022 11,10:47,61.22,2022-03-06,11,11289
2902,03/06/2022 12,11:00,61.22,2022-03-06,12,11343
2901,03/06/2022 13,12:00,61.22,2022-03-06,13,11328
2900,03/06/2022 14,13:00,61.22,2022-03-06,14,11308
2899,03/06/2022 14,13:46,52.66,2022-03-06,14,11225
2898,03/06/2022 15,14:00,52.66,2022-03-06,15,11212
2897,03/06/2022 15,14:23,52.0,2022-03-06,15,11175
2896,03/06/2022 15,14:45,50.0,2022-03-06,15,11116
2895,03/06/2022 15,14:50,47.56,2022-03-06,15,11065
2894,03/06/2022 16,15:00,47.56,2022-03-06,16,11066
2893,03/06/2022 16,15:38,50.0,2022-03-06,16,11119
2892,03/06/2022 17,16:00,50.0,2022-03-06,17,11199
2891,03/06/2022 17,16:31,52.0,2022-03-06,17,11258
2890,03/06/2022 17,16:35,52.66,2022-03-06,17,11296
2889,03/06/2022 18,17:00,52.66,2022-03-06,18,11165
2888,03/06/2022 18,17:19,61.22,2022-03-06,18,11248
2887,03/06/2022 18,17:40,55.01,2022-03-06,18,11168
2886,03/06/2022 18,17:41,51.34,2022-03-06,18,11127
2885,03/06/2022 18,17:49,47.85,2022-03-06,18,11065
2884,03/06/2022 18,17:52,47.0,2022-03-06,18,10994
2883,03/06/2022 19,18:00,47.0,2022-03-06,19,11067
2882,03/06/2022 19,18:06,46.0,2022-03-06,19,11022
2881,03/06/2022 19,18:08,44.99,2022-03-06,19,10956
2880,03/06/2022 19,18:09,42.35,2022-03-06,19,10888
2879,03/06/2022 19,18:11,42.33,2022-03-06,19,10843
2878,03/06/2022 19,18:46,40.67,2022-03-06,19,10796
2877,03/06/2022 20,19:00,37.25,2022-03-06,20,10750
2876,03/06/2022 20,19:02,36.84,2022-03-06,20,10725
2875,03/06/2022 20,19:34,36.78,2022-03-06,20,10622
2874,03/06/2022 20,19:55,34.71,2022-03-06,20,10554
2873,03/06/2022 21,20:00,34.22,2022-03-06,21,10378
2872,03/06/2022 21,20:31,33.6,2022-03-06,21,10307
2871,03/06/2022 21,20:33,33.33,2022-03-06,21,10257
2870,03/06/2022 22,21:00,34.71,2022-03-06,22,9648
2869,03/06/2022 22,21:06,36.78,2022-03-06,22,9718
2868,03/06/2022 22,21:18,36.84,2022-03-06,22,9824
2867,03/06/2022 22,21:19,37.25,2022-03-06,22,9849
2866,03/06/2022 22,21:22,40.67,2022-03-06,22,9889
2865,03/06/2022 22,21:24,41.93,2022-03-06,22,9926
2864,03/06/2022 22,21:28,44.99,2022-03-06,22,10039
2863,03/06/2022 23,22:00,42.35,2022-03-06,23,9803
2862,03/06/2022 24,23:00,41.93,2022-03-06,24,9577
2861,03/06/2022 24,23:08,41.78,2022-03-06,24,9550
2860,03/06/2022 24,23:23,39.43,2022-03-06,24,9490
2859,03/06/2022 24,23:25,38.02,2022-03-06,24,9445
2858,03/06/2022 24,23:26,36.84,2022-03-06,24,9395
2857,03/07/2022 01,24:00,36.78,2022-03-07,01,9403
2856,03/07/2022 02,01:00,36.01,2022-03-07,02,9314
2855,03/07/2022 03,02:00,36.01,2022-03-07,03,9188
2854,03/07/2022 03,02:34,36.78,2022-03-07,03,9286
2853,03/07/2022 04,03:00,36.78,2022-03-07,04,9189
2852,03/07/2022 05,04:00,36.78,2022-03-07,05,9147
2851,03/07/2022 05,04:41,38.02,2022-03-07,05,9197
2850,03/07/2022 05,04:57,44.41,2022-03-07,05,9284
2849,03/07/2022 06,05:00,45.4,2022-03-07,06,9397
2848,03/07/2022 06,05:03,47.35,2022-03-07,06,9442
2847,03/07/2022 06,05:49,39.54,2022-03-07,06,9329
2846,03/07/2022 06,05:58,38.02,2022-03-07,06,9284
2845,03/07/2022 07,06:00,38.02,2022-03-07,07,9696
2844,03/07/2022 07,06:16,36.01,2022-03-07,07,9487
2843,03/07/2022 07,06:21,36.78,2022-03-07,07,9646
2842,03/07/2022 07,06:37,39.54,2022-03-07,07,9741
2841,03/07/2022 07,06:39,45.4,2022-03-07,07,9806
2840,03/07/2022 07,06:40,52.11,2022-03-07,07,9919
2839,03/07/2022 07,06:49,47.35,2022-03-07,07,9853
2838,03/07/2022 07,06:56,61.22,2022-03-07,07,10003
2837,03/07/2022 08,07:00,61.22,2022-03-07,08,10457
2836,03/07/2022 08,07:05,52.11,2022-03-07,08,10299
2835,03/07/2022 09,08:00,51.34,2022-03-07,09,10326
2834,03/07/2022 10,09:00,61.22,2022-03-07,10,10450
2833,03/07/2022 10,09:38,53.93,2022-03-07,10,10292
2832,03/07/2022 10,09:53,47.35,2022-03-07,10,10201
2831,03/07/2022 11,10:00,47.35,2022-03-07,11,10413
2830,03/07/2022 11,10:09,44.37,2022-03-07,11,10323
2829,03/07/2022 11,10:23,43.76,2022-03-07,11,10251
2828,03/07/2022 12,11:00,43.76,2022-03-07,12,10279
2827,03/07/2022 13,12:00,43.76,2022-03-07,13,10267
2826,03/07/2022 13,12:50,36.78,2022-03-07,13,10100
2825,03/07/2022 14,13:00,53.93,2022-03-07,14,10138
2824,03/07/2022 14,13:05,44.37,2022-03-07,14,10006
2823,03/07/2022 14,13:07,41.33,2022-03-07,14,9848
2822,03/07/2022 14,13:14,44.37,2022-03-07,14,10006
2821,03/07/2022 14,13:25,52.11,2022-03-07,14,10114
2820,03/07/2022 14,13:29,54.31,2022-03-07,14,10238
2819,03/07/2022 14,13:39,61.22,2022-03-07,14,10321
2818,03/07/2022 15,14:00,61.22,2022-03-07,15,10352
2817,03/07/2022 15,14:25,61.48,2022-03-07,15,10452
2816,03/07/2022 15,14:29,63.34,2022-03-07,15,10635
2815,03/07/2022 15,14:36,68.92,2022-03-07,15,10926
2814,03/07/2022 15,14:48,65.0,2022-03-07,15,10770
2813,03/07/2022 15,14:52,64.24,2022-03-07,15,10735
2812,03/07/2022 16,15:00,63.34,2022-03-07,16,10671
2811,03/07/2022 16,15:40,64.24,2022-03-07,16,10771
2810,03/07/2022 17,16:00,64.24,2022-03-07,17,10904
2809,03/07/2022 17,16:54,66.43,2022-03-07,17,10989
2808,03/07/2022 18,17:00,66.43,2022-03-07,18,11093
2807,03/07/2022 18,17:04,63.34,2022-03-07,18,10908
2806,03/07/2022 18,17:28,61.48,2022-03-07,18,10725
2805,03/07/2022 18,17:56,62.17,2022-03-07,18,10808
2804,03/07/2022 19,18:00,62.17,2022-03-07,19,10819
2803,03/07/2022 19,18:50,63.34,2022-03-07,19,10919
2802,03/07/2022 20,19:00,63.34,2022-03-07,20,10918
2801,03/07/2022 20,19:24,61.48,2022-03-07,20,10735
2800,03/07/2022 20,19:56,61.22,2022-03-07,20,10635
2799,03/07/2022 21,20:00,61.22,2022-03-07,21,10544
2798,03/07/2022 21,20:13,61.48,2022-03-07,21,10644
2797,03/07/2022 21,20:35,62.17,2022-03-07,21,10727
2796,03/07/2022 21,20:39,63.34,2022-03-07,21,10827
2795,03/07/2022 22,21:00,63.95,2022-03-07,22,10819
2794,03/07/2022 23,22:00,63.95,2022-03-07,23,10456
2793,03/07/2022 23,22:37,63.34,2022-03-07,23,10456
2792,03/07/2022 23,22:53,64.24,2022-03-07,23,10556
2791,03/07/2022 24,23:00,64.24,2022-03-07,24,10706
2790,03/07/2022 24,23:23,63.95,2022-03-07,24,10606
2789,03/07/2022 24,23:34,63.34,2022-03-07,24,10606
2788,03/08/2022 01,24:00,63.1,2022-03-08,01,10339
2787,03/08/2022 02,01:00,63.42,2022-03-08,02,10359
2786,03/08/2022 02,01:10,61.33,2022-03-08,02,10259
2785,03/08/2022 03,02:00,61.33,2022-03-08,03,10235
2784,03/08/2022 03,02:12,61.11,2022-03-08,03,10161
2783,03/08/2022 03,02:19,53.52,2022-03-08,03,10053
2782,03/08/2022 03,02:27,47.89,2022-03-08,03,9980
2781,03/08/2022 03,02:30,44.26,2022-03-08,03,9935
2780,03/08/2022 03,02:56,43.01,2022-03-08,03,9864
2779,03/08/2022 04,03:00,43.01,2022-03-08,04,9866
2778,03/08/2022 04,03:15,40.04,2022-03-08,04,9798
2777,03/08/2022 04,03:16,38.34,2022-03-08,04,9760
2776,03/08/2022 04,03:20,36.66,2022-03-08,04,9661
2775,03/08/2022 04,03:43,38.34,2022-03-08,04,9760
2774,03/08/2022 05,04:00,38.34,2022-03-08,05,9849
2773,03/08/2022 05,04:30,40.04,2022-03-08,05,9887
2772,03/08/2022 05,04:34,43.01,2022-03-08,05,9961
2771,03/08/2022 05,04:47,44.26,2022-03-08,05,10032
2770,03/08/2022 06,05:00,44.26,2022-03-08,06,10044
2769,03/08/2022 06,05:04,50.0,2022-03-08,06,10115
2768,03/08/2022 06,05:08,53.93,2022-03-08,06,10177
2767,03/08/2022 06,05:10,61.11,2022-03-08,06,10261
2766,03/08/2022 07,06:00,61.11,2022-03-08,07,10355
2765,03/08/2022 07,06:04,61.21,2022-03-08,07,10430
2764,03/08/2022 07,06:08,63.1,2022-03-08,07,10530
2763,03/08/2022 07,06:21,63.95,2022-03-08,07,10530
2762,03/08/2022 07,06:52,61.21,2022-03-08,07,10430
2761,03/08/2022 07,06:54,55.01,2022-03-08,07,10275
2760,03/08/2022 07,06:56,44.26,2022-03-08,07,10124
2759,03/08/2022 08,07:00,44.26,2022-03-08,08,10640
2758,03/08/2022 08,07:09,43.91,2022-03-08,08,10587
2757,03/08/2022 08,07:13,38.33,2022-03-08,08,10486
2756,03/08/2022 08,07:14,37.11,2022-03-08,08,10386
2755,03/08/2022 08,07:21,37.75,2022-03-08,08,10451
2754,03/08/2022 08,07:45,42.8,2022-03-08,08,10560
2753,03/08/2022 08,07:48,44.0,2022-03-08,08,10596
2752,03/08/2022 09,08:00,44.82,2022-03-08,09,10815
2751,03/08/2022 09,08:06,47.88,2022-03-08,09,10892
2750,03/08/2022 09,08:17,55.01,2022-03-08,09,10980
2749,03/08/2022 09,08:20,61.11,2022-03-08,09,11060
2748,03/08/2022 09,08:36,61.21,2022-03-08,09,11136
2747,03/08/2022 10,09:00,65.01,2022-03-08,10,11191
2746,03/08/2022 10,09:14,69.0,2022-03-08,10,11286
2745,03/08/2022 10,09:28,65.01,2022-03-08,10,11191
2744,03/08/2022 10,09:29,65.0,2022-03-08,10,11106
2743,03/08/2022 10,09:38,65.01,2022-03-08,10,11191
2742,03/08/2022 10,09:40,67.01,2022-03-08,10,11236
2741,03/08/2022 10,09:43,69.0,2022-03-08,10,11286
2740,03/08/2022 11,10:00,70.32,2022-03-08,11,11247
2739,03/08/2022 11,10:40,73.19,2022-03-08,11,11283
2738,03/08/2022 11,10:42,73.33,2022-03-08,11,11328
2737,03/08/2022 12,11:00,73.33,2022-03-08,12,11445
2736,03/08/2022 13,12:00,78.24,2022-03-08,13,11527
2735,03/08/2022 13,12:27,76.31,2022-03-08,13,11481
2734,03/08/2022 13,12:33,74.96,2022-03-08,13,11429
2733,03/08/2022 14,13:00,78.24,2022-03-08,14,11474
2732,03/08/2022 14,13:08,78.32,2022-03-08,14,11569
2731,03/08/2022 14,13:13,80.55,2022-03-08,14,11713
2730,03/08/2022 14,13:25,80.05,2022-03-08,14,11639
2729,03/08/2022 14,13:52,80.55,2022-03-08,14,11713
2728,03/08/2022 15,14:00,80.2,2022-03-08,15,11705
2727,03/08/2022 15,14:28,78.24,2022-03-08,15,11635
2726,03/08/2022 15,14:29,76.1,2022-03-08,15,11494
2725,03/08/2022 15,14:43,78.02,2022-03-08,15,11589
2724,03/08/2022 16,15:00,78.16,2022-03-08,16,11523
2723,03/08/2022 16,15:23,80.36,2022-03-08,16,11639
2722,03/08/2022 16,15:51,78.16,2022-03-08,16,11523
2721,03/08/2022 17,16:00,73.33,2022-03-08,17,11534
2720,03/08/2022 17,16:05,76.34,2022-03-08,17,11666
2719,03/08/2022 17,16:19,78.11,2022-03-08,17,11761
2718,03/08/2022 18,17:00,80.38,2022-03-08,18,11756
2717,03/08/2022 18,17:43,80.58,2022-03-08,18,11826
2716,03/08/2022 19,18:00,80.87,2022-03-08,19,11889
2715,03/08/2022 19,18:14,82.23,2022-03-08,19,11934
2714,03/08/2022 19,18:45,80.87,2022-03-08,19,11889
2713,03/08/2022 19,18:57,80.08,2022-03-08,19,11819
2712,03/08/2022 20,19:00,80.01,2022-03-08,20,11878
2711,03/08/2022 20,19:09,78.24,2022-03-08,20,11808
2710,03/08/2022 20,19:24,77.97,2022-03-08,20,11762
2709,03/08/2022 20,19:26,75.01,2022-03-08,20,11686
2708,03/08/2022 21,20:00,74.96,2022-03-08,21,11704
2707,03/08/2022 21,20:10,73.33,2022-03-08,21,11624
2706,03/08/2022 21,20:19,72.88,2022-03-08,21,11579
2705,03/08/2022 21,20:25,73.33,2022-03-08,21,11624
2704,03/08/2022 21,20:38,72.88,2022-03-08,21,11579
2703,03/08/2022 21,20:49,70.32,2022-03-08,21,11542
2702,03/08/2022 21,20:50,70.29,2022-03-08,21,11492
2701,03/08/2022 21,20:55,70.32,2022-03-08,21,11542
2700,03/08/2022 22,21:00,73.33,2022-03-08,22,11577
2699,03/08/2022 22,21:09,74.96,2022-03-08,22,11657
2698,03/08/2022 22,21:21,77.97,2022-03-08,22,11736
2697,03/08/2022 23,22:00,75.88,2022-03-08,23,11563
2696,03/08/2022 23,22:23,75.01,2022-03-08,23,11486
2695,03/08/2022 23,22:31,75.88,2022-03-08,23,11563
2694,03/08/2022 23,22:45,80.03,2022-03-08,23,11658
2693,03/08/2022 23,22:48,80.28,2022-03-08,23,11728
2692,03/08/2022 24,23:00,132.19,2022-03-08,24,11591
2691,03/08/2022 24,23:03,125.0,2022-03-08,24,11511
2690,03/08/2022 24,23:22,110.0,2022-03-08,24,11463
2689,03/08/2022 24,23:25,96.11,2022-03-08,24,11438
2688,03/08/2022 24,23:28,85.0,2022-03-08,24,11373
2687,03/08/2022 24,23:36,80.6,2022-03-08,24,11319
2686,03/09/2022 01,24:00,87.25,2022-03-09,01,11282
2685,03/09/2022 01,24:03,85.12,2022-03-09,01,11237
2684,03/09/2022 01,24:04,83.16,2022-03-09,01,11187
2683,03/09/2022 01,24:15,82.25,2022-03-09,01,11141
2682,03/09/2022 01,24:19,80.23,2022-03-09,01,11001
2681,03/09/2022 01,24:46,75.27,2022-03-09,01,10957
2680,03/09/2022 01,24:55,75.01,2022-03-09,01,10857
2679,03/09/2022 02,01:00,75.01,2022-03-09,02,10847
2678,03/09/2022 02,01:03,73.3,2022-03-09,02,10844
2677,03/09/2022 02,01:16,72.95,2022-03-09,02,10734
2676,03/09/2022 02,01:32,73.3,2022-03-09,02,10844
2675,03/09/2022 03,02:00,73.43,2022-03-09,03,10842
2674,03/09/2022 03,02:12,72.95,2022-03-09,03,10732
2673,03/09/2022 03,02:30,70.29,2022-03-09,03,10655
2672,03/09/2022 03,02:38,65.0,2022-03-09,03,10643
2671,03/09/2022 03,02:52,63.95,2022-03-09,03,10615
2670,03/09/2022 04,03:00,63.95,2022-03-09,04,10722
2669,03/09/2022 04,03:10,66.43,2022-03-09,04,10760
2668,03/09/2022 04,03:30,72.95,2022-03-09,04,10840
2667,03/09/2022 04,03:37,73.12,2022-03-09,04,10950
2666,03/09/2022 05,04:00,73.14,2022-03-09,05,10962
2665,03/09/2022 05,04:07,75.07,2022-03-09,05,11065
2664,03/09/2022 05,04:24,80.23,2022-03-09,05,11110
2663,03/09/2022 05,04:32,81.59,2022-03-09,05,11180
2662,03/09/2022 06,05:00,81.62,2022-03-09,06,11216
2661,03/09/2022 06,05:29,82.46,2022-03-09,06,11286
2660,03/09/2022 06,05:32,83.16,2022-03-09,06,11332
2659,03/09/2022 06,05:33,87.25,2022-03-09,06,11427
2658,03/09/2022 07,06:00,87.25,2022-03-09,07,11605
2657,03/09/2022 07,06:14,94.98,2022-03-09,07,11640
2656,03/09/2022 07,06:18,112.81,2022-03-09,07,11728
2655,03/09/2022 07,06:33,136.25,2022-03-09,07,11816
2654,03/09/2022 08,07:00,82.21,2022-03-09,08,11950
2653,03/09/2022 08,07:26,99.11,2022-03-09,08,11988
2652,03/09/2022 09,08:00,99.11,2022-03-09,09,12104
2651,03/09/2022 09,08:07,117.0,2022-03-09,09,12127
2650,03/09/2022 09,08:25,112.81,2022-03-09,09,12122
2649,03/09/2022 09,08:33,82.32,2022-03-09,09,12066
2648,03/09/2022 09,08:44,81.62,2022-03-09,09,11996
2647,03/09/2022 09,08:56,77.11,2022-03-09,09,11926
2646,03/09/2022 10,09:00,77.11,2022-03-09,10,11883
2645,03/09/2022 11,10:00,81.88,2022-03-09,11,11811
2644,03/09/2022 11,10:17,81.63,2022-03-09,11,11732
2643,03/09/2022 11,10:44,77.11,2022-03-09,11,11662
2642,03/09/2022 11,10:46,75.74,2022-03-09,11,11615
2641,03/09/2022 11,10:53,75.42,2022-03-09,11,11585
2640,03/09/2022 11,10:55,75.1,2022-03-09,11,11535
2639,03/09/2022 12,11:00,75.02,2022-03-09,12,11743
2638,03/09/2022 12,11:13,74.95,2022-03-09,12,11639
2637,03/09/2022 13,12:00,73.63,2022-03-09,13,11587
2636,03/09/2022 13,12:04,73.12,2022-03-09,13,11540
2635,03/09/2022 13,12:40,72.95,2022-03-09,13,11490
2634,03/09/2022 13,12:55,71.55,2022-03-09,13,11408
2633,03/09/2022 13,12:56,66.96,2022-03-09,13,11365
2632,03/09/2022 14,13:00,65.0,2022-03-09,14,11343
2631,03/09/2022 14,13:02,60.48,2022-03-09,14,11318
2630,03/09/2022 14,13:04,59.91,2022-03-09,14,11257
2629,03/09/2022 14,13:12,55.0,2022-03-09,14,11221
2628,03/09/2022 14,13:25,59.91,2022-03-09,14,11257
2627,03/09/2022 14,13:30,60.48,2022-03-09,14,11318
2626,03/09/2022 14,13:33,70.27,2022-03-09,14,11461
2625,03/09/2022 15,14:00,70.27,2022-03-09,15,11457
2624,03/09/2022 15,14:31,71.55,2022-03-09,15,11500
2623,03/09/2022 15,14:42,73.01,2022-03-09,15,11552
2622,03/09/2022 16,15:00,73.44,2022-03-09,16,11575
2621,03/09/2022 16,15:40,73.63,2022-03-09,16,11622
2620,03/09/2022 16,15:46,75.35,2022-03-09,16,11727
2619,03/09/2022 17,16:00,75.05,2022-03-09,17,11714
2618,03/09/2022 17,16:50,75.74,2022-03-09,17,11794
2617,03/09/2022 18,17:00,77.11,2022-03-09,18,11781
2616,03/09/2022 18,17:44,75.74,2022-03-09,18,11734
2615,03/09/2022 19,18:00,75.74,2022-03-09,19,11716
2614,03/09/2022 19,18:05,75.45,2022-03-09,19,11686
2613,03/09/2022 19,18:36,75.42,2022-03-09,19,11586
2612,03/09/2022 20,19:00,75.01,2022-03-09,20,11521
2611,03/09/2022 20,19:04,72.12,2022-03-09,20,11419
2610,03/09/2022 20,19:10,53.66,2022-03-09,20,11239
2609,03/09/2022 20,19:20,50.55,2022-03-09,20,11157
2608,03/09/2022 20,19:35,47.7,2022-03-09,20,10952
2607,03/09/2022 20,19:49,45.83,2022-03-09,20,10873
2606,03/09/2022 21,20:00,45.83,2022-03-09,21,10843
2605,03/09/2022 21,20:16,44.75,2022-03-09,21,10752
2604,03/09/2022 21,20:31,43.01,2022-03-09,21,10701
2603,03/09/2022 21,20:39,38.46,2022-03-09,21,10618
2602,03/09/2022 22,21:00,38.46,2022-03-09,22,10467
2601,03/09/2022 22,21:04,38.0,2022-03-09,22,10348
2600,03/09/2022 22,21:42,37.32,2022-03-09,22,10304
2599,03/09/2022 22,21:45,36.82,2022-03-09,22,10237
2598,03/09/2022 23,22:00,38.0,2022-03-09,23,9976
2597,03/09/2022 23,22:17,37.32,2022-03-09,23,9932
2596,03/09/2022 23,22:25,36.82,2022-03-09,23,9864
2595,03/09/2022 23,22:42,36.32,2022-03-09,23,9839
2594,03/09/2022 24,23:00,36.32,2022-03-09,24,9467
2593,03/09/2022 24,23:47,36.82,2022-03-09,24,9492
2592,03/10/2022 01,24:00,35.89,2022-03-10,01,9265
2591,03/10/2022 01,24:07,37.03,2022-03-10,01,9443
2590,03/10/2022 02,01:00,37.03,2022-03-10,02,9452
2589,03/10/2022 03,02:00,37.03,2022-03-10,03,9474
2588,03/10/2022 04,03:00,37.03,2022-03-10,04,9475
2587,03/10/2022 04,03:15,36.89,2022-03-10,04,9355
2586,03/10/2022 04,03:39,37.03,2022-03-10,04,9475
2585,03/10/2022 05,04:00,37.03,2022-03-10,05,9497
2584,03/10/2022 05,04:48,37.04,2022-03-10,05,9562
2583,03/10/2022 06,05:00,37.04,2022-03-10,06,9587
2582,03/10/2022 06,05:23,39.08,2022-03-10,06,9670
2581,03/10/2022 06,05:32,40.2,2022-03-10,06,9699
2580,03/10/2022 06,05:53,43.97,2022-03-10,06,9784
2579,03/10/2022 07,06:00,49.89,2022-03-10,07,9873
2578,03/10/2022 07,06:03,50.55,2022-03-10,07,9954
2577,03/10/2022 07,06:23,54.46,2022-03-10,07,10069
2576,03/10/2022 07,06:26,63.95,2022-03-10,07,10097
2575,03/10/2022 07,06:33,67.11,2022-03-10,07,10242
2574,03/10/2022 07,06:55,55.0,2022-03-10,07,10093
2573,03/10/2022 08,07:00,50.55,2022-03-10,08,10922
2572,03/10/2022 08,07:08,50.0,2022-03-10,08,10842
2571,03/10/2022 08,07:27,46.12,2022-03-10,08,10782
2570,03/10/2022 08,07:35,45.83,2022-03-10,08,10714
2569,03/10/2022 08,07:39,42.8,2022-03-10,08,10621
2568,03/10/2022 08,07:44,41.23,2022-03-10,08,10581
2567,03/10/2022 08,07:51,37.07,2022-03-10,08,10511
2566,03/10/2022 08,07:53,37.03,2022-03-10,08,10412
2565,03/10/2022 09,08:00,37.03,2022-03-10,09,10418
2564,03/10/2022 10,09:00,37.03,2022-03-10,10,10414
2563,03/10/2022 10,09:43,36.23,2022-03-10,10,10297
2562,03/10/2022 11,10:00,36.23,2022-03-10,11,10333
2561,03/10/2022 11,10:12,37.03,2022-03-10,11,10450
2560,03/10/2022 11,10:17,37.04,2022-03-10,11,10513
2559,03/10/2022 11,10:22,40.2,2022-03-10,11,10580
2558,03/10/2022 11,10:33,43.12,2022-03-10,11,10670
2557,03/10/2022 11,10:39,45.83,2022-03-10,11,10767
2556,03/10/2022 11,10:40,46.12,2022-03-10,11,10835
2555,03/10/2022 11,10:50,48.56,2022-03-10,11,10873
2554,03/10/2022 12,11:00,48.76,2022-03-10,12,10834
2553,03/10/2022 12,11:05,49.89,2022-03-10,12,10876
2552,03/10/2022 12,11:44,54.46,2022-03-10,12,10941
2551,03/10/2022 12,11:56,55.0,2022-03-10,12,10976
2550,03/10/2022 13,12:00,55.0,2022-03-10,13,10858
2549,03/10/2022 13,12:10,62.19,2022-03-10,13,10937
2548,03/10/2022 13,12:14,67.04,2022-03-10,13,10987
2547,03/10/2022 13,12:15,68.0,2022-03-10,13,11037
2546,03/10/2022 13,12:53,62.19,2022-03-10,13,10937
2545,03/10/2022 14,13:00,68.88,2022-03-10,14,11006
2544,03/10/2022 14,13:04,62.19,2022-03-10,14,10861
2543,03/10/2022 14,13:30,68.88,2022-03-10,14,11006
2542,03/10/2022 14,13:45,69.02,2022-03-10,14,11106
2541,03/10/2022 15,14:00,69.32,2022-03-10,15,11151
2540,03/10/2022 15,14:09,70.11,2022-03-10,15,11203
2539,03/10/2022 15,14:12,73.16,2022-03-10,15,11263
2538,03/10/2022 15,14:18,74.39,2022-03-10,15,11346
2537,03/10/2022 15,14:20,75.19,2022-03-10,15,11418
2536,03/10/2022 15,14:44,77.75,2022-03-10,15,11488
2535,03/10/2022 15,14:45,100.0,2022-03-10,15,11670
2534,03/10/2022 16,15:00,100.0,2022-03-10,16,11685
2533,03/10/2022 16,15:06,125.0,2022-03-10,16,11712
2532,03/10/2022 16,15:10,198.16,2022-03-10,16,11805
2531,03/10/2022 16,15:23,185.6,2022-03-10,16,11767
2530,03/10/2022 17,16:00,100.0,2022-03-10,17,11860
2529,03/10/2022 17,16:52,185.6,2022-03-10,17,11942
2528,03/10/2022 18,17:00,185.6,2022-03-10,18,12052
2527,03/10/2022 18,17:05,100.0,2022-03-10,18,11970
2526,03/10/2022 18,17:06,97.16,2022-03-10,18,11928
2525,03/10/2022 19,18:00,79.52,2022-03-10,19,12107
2524,03/10/2022 19,18:14,78.26,2022-03-10,19,12067
2523,03/10/2022 19,18:55,79.52,2022-03-10,19,12107
2522,03/10/2022 20,19:00,79.52,2022-03-10,20,12110
2521,03/10/2022 21,20:00,79.52,2022-03-10,21,12076
2520,03/10/2022 21,20:14,97.16,2022-03-10,21,12212
2519,03/10/2022 22,21:00,97.16,2022-03-10,22,12090
2518,03/10/2022 22,21:39,81.13,2022-03-10,22,12011
2517,03/10/2022 22,21:51,79.52,2022-03-10,22,11956
2516,03/10/2022 23,22:00,77.86,2022-03-10,23,11847
2515,03/10/2022 23,22:26,76.58,2022-03-10,23,11777
2514,03/10/2022 24,23:00,125.0,2022-03-10,24,11623
2513,03/10/2022 24,23:04,128.99,2022-03-10,24,11673
2512,03/10/2022 24,23:27,125.0,2022-03-10,24,11623
2511,03/10/2022 24,23:36,110.28,2022-03-10,24,11570
2510,03/10/2022 24,23:39,100.0,2022-03-10,24,11520
2509,03/10/2022 24,23:47,78.5,2022-03-10,24,11401
2508,03/11/2022 01,24:00,80.22,2022-03-11,01,11475
2507,03/11/2022 01,24:33,76.96,2022-03-11,01,11298
2506,03/11/2022 02,01:00,76.96,2022-03-11,02,11253
2505,03/11/2022 02,01:43,76.86,2022-03-11,02,11209
2504,03/11/2022 03,02:00,76.59,2022-03-11,03,11205
2503,03/11/2022 03,02:56,75.83,2022-03-11,03,11115
2502,03/11/2022 04,03:00,75.71,2022-03-11,04,11147
2501,03/11/2022 05,04:00,75.01,2022-03-11,05,11061
2500,03/11/2022 06,05:00,75.01,2022-03-11,06,11054
2499,03/11/2022 06,05:36,75.92,2022-03-11,06,11134
2498,03/11/2022 06,05:54,76.58,2022-03-11,06,11224
2497,03/11/2022 07,06:00,76.92,2022-03-11,07,11307
2496,03/11/2022 07,06:34,76.96,2022-03-11,07,11351
2495,03/11/2022 08,07:00,80.08,2022-03-11,08,11351
2494,03/11/2022 08,07:25,77.49,2022-03-11,08,11271
2493,03/11/2022 08,07:54,80.08,2022-03-11,08,11351
2492,03/11/2022 09,08:00,63.14,2022-03-11,09,11277
2491,03/11/2022 09,08:07,59.45,2022-03-11,09,11199
2490,03/11/2022 09,08:10,55.01,2022-03-11,09,11119
2489,03/11/2022 09,08:16,59.45,2022-03-11,09,11199
2488,03/11/2022 09,08:25,55.01,2022-03-11,09,11119
2487,03/11/2022 09,08:29,51.74,2022-03-11,09,11092
2486,03/11/2022 09,08:32,50.27,2022-03-11,09,11051
2485,03/11/2022 09,08:35,50.0,2022-03-11,09,11013
2484,03/11/2022 09,08:39,47.8,2022-03-11,09,11003
2483,03/11/2022 09,08:50,47.49,2022-03-11,09,10966
2482,03/11/2022 09,08:52,44.34,2022-03-11,09,10954
2481,03/11/2022 10,09:00,44.34,2022-03-11,10,10940
2480,03/11/2022 10,09:03,44.1,2022-03-11,10,10872
2479,03/11/2022 10,09:08,42.22,2022-03-11,10,10783
2478,03/11/2022 10,09:11,40.2,2022-03-11,10,10742
2477,03/11/2022 10,09:14,40.14,2022-03-11,10,10690
2476,03/11/2022 10,09:21,37.49,2022-03-11,10,10645
2475,03/11/2022 10,09:29,36.66,2022-03-11,10,10580
2474,03/11/2022 10,09:48,36.32,2022-03-11,10,10520
2473,03/11/2022 11,10:00,36.32,2022-03-11,11,10481
2472,03/11/2022 11,10:46,35.49,2022-03-11,11,10371
2471,03/11/2022 12,11:00,33.68,2022-03-11,12,10352
2470,03/11/2022 12,11:03,33.55,2022-03-11,12,10292
2469,03/11/2022 12,11:57,33.68,2022-03-11,12,10352
2468,03/11/2022 13,12:00,33.68,2022-03-11,13,10247
2467,03/11/2022 13,12:10,35.68,2022-03-11,13,10272
2466,03/11/2022 13,12:43,36.32,2022-03-11,13,10374
2465,03/11/2022 13,12:46,36.66,2022-03-11,13,10419
2464,03/11/2022 13,12:50,39.85,2022-03-11,13,10532
2463,03/11/2022 14,13:00,49.67,2022-03-11,14,10302
2462,03/11/2022 14,13:04,47.8,2022-03-11,14,10222
2461,03/11/2022 14,13:05,44.34,2022-03-11,14,10180
2460,03/11/2022 14,13:06,44.1,2022-03-11,14,10112
2459,03/11/2022 14,13:09,44.34,2022-03-11,14,10180
2458,03/11/2022 14,13:17,47.8,2022-03-11,14,10222
2457,03/11/2022 14,13:18,49.67,2022-03-11,14,10302
2456,03/11/2022 14,13:22,51.74,2022-03-11,14,10368
2455,03/11/2022 14,13:27,63.14,2022-03-11,14,10443
2454,03/11/2022 14,13:52,51.74,2022-03-11,14,10368
2453,03/11/2022 14,13:56,55.01,2022-03-11,14,10371
2452,03/11/2022 15,14:00,49.67,2022-03-11,15,10464
2451,03/11/2022 15,14:15,47.8,2022-03-11,15,10384
2450,03/11/2022 15,14:19,49.67,2022-03-11,15,10464
2449,03/11/2022 15,14:20,47.8,2022-03-11,15,10384
2448,03/11/2022 15,14:35,44.34,2022-03-11,15,10342
2447,03/11/2022 16,15:00,51.74,2022-03-11,16,10429
2446,03/11/2022 16,15:08,63.14,2022-03-11,16,10503
2445,03/11/2022 17,16:00,55.01,2022-03-11,17,10594
2444,03/11/2022 17,16:03,51.74,2022-03-11,17,10567
2443,03/11/2022 17,16:04,51.61,2022-03-11,17,10531
2442,03/11/2022 17,16:05,50.0,2022-03-11,17,10493
2441,03/11/2022 17,16:14,48.98,2022-03-11,17,10479
2440,03/11/2022 17,16:54,47.8,2022-03-11,17,10399
2439,03/11/2022 18,17:00,49.85,2022-03-11,18,10388
2438,03/11/2022 18,17:03,46.25,2022-03-11,18,10347
2437,03/11/2022 18,17:14,44.34,2022-03-11,18,10341
2436,03/11/2022 18,17:21,47.8,2022-03-11,18,10378
2435,03/11/2022 18,17:31,49.85,2022-03-11,18,10388
2434,03/11/2022 18,17:32,49.97,2022-03-11,18,10468
2433,03/11/2022 19,18:00,61.31,2022-03-11,19,10552
2432,03/11/2022 19,18:08,55.01,2022-03-11,19,10472
2431,03/11/2022 20,19:00,55.01,2022-03-11,20,10485
2430,03/11/2022 20,19:11,61.31,2022-03-11,20,10556
2429,03/11/2022 21,20:00,59.04,2022-03-11,21,10440
2428,03/11/2022 21,20:03,55.01,2022-03-11,21,10382
2427,03/11/2022 21,20:17,65.16,2022-03-11,21,10502
2426,03/11/2022 21,20:20,68.98,2022-03-11,21,10597
2425,03/11/2022 21,20:43,67.99,2022-03-11,21,10547
2424,03/11/2022 21,20:44,62.45,2022-03-11,21,10490
2423,03/11/2022 21,20:55,67.99,2022-03-11,21,10547
2422,03/11/2022 21,20:59,73.01,2022-03-11,21,10692
2421,03/11/2022 22,21:00,85.94,2022-03-11,22,10848
2420,03/11/2022 22,21:13,74.94,2022-03-11,22,10455
2419,03/11/2022 22,21:16,74.75,2022-03-11,22,10415
2418,03/11/2022 22,21:24,68.98,2022-03-11,22,10280
2417,03/11/2022 22,21:53,67.99,2022-03-11,22,10230
2416,03/11/2022 23,22:00,67.99,2022-03-11,23,10281
2415,03/11/2022 23,22:08,59.04,2022-03-11,23,10162
2414,03/11/2022 23,22:13,55.01,2022-03-11,23,10105
2413,03/11/2022 23,22:22,51.74,2022-03-11,23,10078
2412,03/11/2022 23,22:26,48.7,2022-03-11,23,10039
2411,03/11/2022 23,22:34,47.8,2022-03-11,23,9959
2410,03/11/2022 23,22:48,44.34,2022-03-11,23,9910
2409,03/11/2022 24,23:00,51.74,2022-03-11,24,9933
2408,03/11/2022 24,23:07,46.25,2022-03-11,24,9785
2407,03/12/2022 01,24:00,55.73,2022-03-12,01,9682
2406,03/12/2022 01,24:03,55.11,2022-03-12,01,9589
2405,03/12/2022 01,24:11,55.01,2022-03-12,01,9519
2404,03/12/2022 01,24:19,52.66,2022-03-12,01,9455
2403,03/12/2022 02,01:00,52.71,2022-03-12,02,9354
2402,03/12/2022 02,01:42,52.61,2022-03-12,02,9269
2401,03/12/2022 02,01:43,48.6,2022-03-12,02,9209
2400,03/12/2022 02,01:51,45.0,2022-03-12,02,9183
2399,03/12/2022 02,01:52,40.04,2022-03-12,02,9104
2398,03/12/2022 03,02:00,40.04,2022-03-12,03,9164
2397,03/12/2022 03,02:11,37.57,2022-03-12,03,9099
2396,03/12/2022 03,02:21,36.94,2022-03-12,03,9001
2395,03/12/2022 03,02:38,37.57,2022-03-12,03,9099
2394,03/12/2022 04,03:00,40.04,2022-03-12,04,9052
2393,03/12/2022 04,03:02,40.74,2022-03-12,04,9099
2392,03/12/2022 04,03:41,45.0,2022-03-12,04,9128
2391,03/12/2022 04,03:46,48.6,2022-03-12,04,9154
2390,03/12/2022 04,03:54,50.55,2022-03-12,04,9234
2389,03/12/2022 04,03:57,52.2,2022-03-12,04,9269
2388,03/12/2022 05,04:00,52.2,2022-03-12,05,9284
2387,03/12/2022 06,05:00,48.6,2022-03-12,06,9309
2386,03/12/2022 06,05:45,52.2,2022-03-12,06,9430
2385,03/12/2022 07,06:00,54.34,2022-03-12,07,9303
2384,03/12/2022 07,06:03,54.95,2022-03-12,07,9440
2383,03/12/2022 07,06:30,55.89,2022-03-12,07,9537
2382,03/12/2022 07,06:45,54.95,2022-03-12,07,9440
2381,03/12/2022 07,06:50,54.55,2022-03-12,07,9373
2380,03/12/2022 07,06:55,54.34,2022-03-12,07,9303
2379,03/12/2022 08,07:00,53.84,2022-03-12,08,9512
2378,03/12/2022 08,07:07,52.88,2022-03-12,08,9452
2377,03/12/2022 08,07:15,53.84,2022-03-12,08,9512
2376,03/12/2022 08,07:31,54.95,2022-03-12,08,9662
2375,03/12/2022 08,07:35,52.88,2022-03-12,08,9452
2374,03/12/2022 09,08:00,52.67,2022-03-12,09,9717
2373,03/12/2022 09,08:10,52.61,2022-03-12,09,9632
2372,03/12/2022 09,08:21,50.55,2022-03-12,09,9573
2371,03/12/2022 09,08:25,50.21,2022-03-12,09,9493
2370,03/12/2022 09,08:35,50.55,2022-03-12,09,9573
2369,03/12/2022 09,08:45,52.61,2022-03-12,09,9632
2368,03/12/2022 09,08:50,52.67,2022-03-12,09,9717
2367,03/12/2022 10,09:00,52.61,2022-03-12,10,9925
2366,03/12/2022 10,09:15,52.05,2022-03-12,10,9866
2365,03/12/2022 10,09:36,52.2,2022-03-12,10,9901
2364,03/12/2022 10,09:38,54.95,2022-03-12,10,10121
2363,03/12/2022 10,09:50,52.05,2022-03-12,10,9866
2362,03/12/2022 11,10:00,41.17,2022-03-12,11,9876
2361,03/12/2022 11,10:20,38.77,2022-03-12,11,9774
2360,03/12/2022 11,10:45,37.57,2022-03-12,11,9729
2359,03/12/2022 12,11:00,37.57,2022-03-12,12,9720
2358,03/12/2022 12,11:25,38.77,2022-03-12,12,9765
2357,03/12/2022 12,11:35,40.12,2022-03-12,12,9805
2356,03/12/2022 12,11:50,45.0,2022-03-12,12,9916
2355,03/12/2022 13,12:00,45.56,2022-03-12,13,9929
2354,03/12/2022 13,12:40,47.89,2022-03-12,13,10033
2353,03/12/2022 13,12:55,52.2,2022-03-12,13,10091
2352,03/12/2022 14,13:00,60.55,2022-03-12,14,10032
2351,03/12/2022 14,13:03,61.96,2022-03-12,14,10109
2350,03/12/2022 14,13:05,66.14,2022-03-12,14,10199
2349,03/12/2022 14,13:08,68.74,2022-03-12,14,10251
2348,03/12/2022 14,13:10,70.55,2022-03-12,14,10356
2347,03/12/2022 14,13:18,73.32,2022-03-12,14,10446
2346,03/12/2022 14,13:31,73.39,2022-03-12,14,10476
2345,03/12/2022 14,13:37,72.98,2022-03-12,14,10396
2344,03/12/2022 14,13:46,70.55,2022-03-12,14,10356
2343,03/12/2022 15,14:00,73.21,2022-03-12,15,10499
2342,03/12/2022 15,14:40,72.96,2022-03-12,15,10469
2341,03/12/2022 15,14:50,72.84,2022-03-12,15,10419
2340,03/12/2022 16,15:00,70.55,2022-03-12,16,10464
2339,03/12/2022 16,15:15,68.74,2022-03-12,16,10359
2338,03/12/2022 16,15:30,70.41,2022-03-12,16,10414
2337,03/12/2022 16,15:45,72.99,2022-03-12,16,10504
2336,03/12/2022 17,16:00,63.95,2022-03-12,17,10612
2335,03/12/2022 17,16:15,72.83,2022-03-12,17,10827
2334,03/12/2022 17,16:40,73.06,2022-03-12,17,10877
2333,03/12/2022 17,16:57,72.83,2022-03-12,17,10827
2332,03/12/2022 18,17:00,70.41,2022-03-12,18,10846
2331,03/12/2022 18,17:20,73.24,2022-03-12,18,10966
2330,03/12/2022 19,18:00,73.12,2022-03-12,19,10676
2329,03/12/2022 19,18:32,73.94,2022-03-12,19,10777
2328,03/12/2022 19,18:35,92.41,2022-03-12,19,11052
2327,03/12/2022 19,18:46,99.99,2022-03-12,19,11126
2326,03/12/2022 19,18:51,105.4,2022-03-12,19,11169
2325,03/12/2022 20,19:00,105.0,2022-03-12,20,11137
2324,03/12/2022 20,19:14,95.0,2022-03-12,20,11079
2323,03/12/2022 20,19:19,105.0,2022-03-12,20,11137
2322,03/12/2022 21,20:00,105.0,2022-03-12,21,11127
2321,03/12/2022 21,20:08,134.58,2022-03-12,21,11174
2320,03/12/2022 21,20:09,189.06,2022-03-12,21,11193
2319,03/12/2022 21,20:16,105.0,2022-03-12,21,11127
2318,03/12/2022 21,20:26,125.0,2022-03-12,21,11171
2317,03/12/2022 21,20:50,95.0,2022-03-12,21,11069
2316,03/12/2022 22,21:00,95.0,2022-03-12,22,11416
2315,03/12/2022 22,21:02,86.92,2022-03-12,22,11335
2314,03/12/2022 22,21:07,74.39,2022-03-12,22,11163
2313,03/12/2022 22,21:08,73.96,2022-03-12,22,11093
2312,03/12/2022 22,21:17,73.64,2022-03-12,22,11023
2311,03/12/2022 22,21:19,73.96,2022-03-12,22,11093
2310,03/12/2022 22,21:28,73.64,2022-03-12,22,11023
2309,03/12/2022 22,21:52,73.15,2022-03-12,22,10973
2308,03/12/2022 23,22:00,70.41,2022-03-12,23,10688
2307,03/12/2022 23,22:08,65.0,2022-03-12,23,10540
2306,03/12/2022 23,22:16,68.74,2022-03-12,23,10637
2305,03/12/2022 23,22:18,70.41,2022-03-12,23,10688
2304,03/12/2022 23,22:44,74.18,2022-03-12,23,10968
2303,03/12/2022 24,23:00,80.25,2022-03-12,24,10720
2302,03/12/2022 24,23:02,114.0,2022-03-12,24,10893
2301,03/12/2022 24,23:06,189.06,2022-03-12,24,11030
2300,03/12/2022 24,23:08,154.0,2022-03-12,24,10954
2299,03/12/2022 24,23:10,114.0,2022-03-12,24,10893
2298,03/12/2022 24,23:19,105.4,2022-03-12,24,10812
2297,03/12/2022 24,23:22,95.0,2022-03-12,24,10759
2296,03/12/2022 24,23:29,80.25,2022-03-12,24,10720
2295,03/12/2022 24,23:30,74.48,2022-03-12,24,10592
2294,03/12/2022 24,23:32,74.07,2022-03-12,24,10549
2293,03/12/2022 24,23:33,73.91,2022-03-12,24,10459
2292,03/12/2022 24,23:40,73.36,2022-03-12,24,10389
2291,03/12/2022 24,23:52,73.91,2022-03-12,24,10459
2290,03/13/2022 01,24:00,74.07,2022-03-13,01,10568
2289,03/13/2022 01,24:12,73.76,2022-03-13,01,10498
2288,03/13/2022 01,24:37,69.52,2022-03-13,01,10345
2287,03/13/2022 01,24:44,65.81,2022-03-13,01,10249
2286,03/13/2022 01,24:58,67.55,2022-03-13,01,10300
2285,03/13/2022 03,01:00,67.55,2022-03-13,03,10408
2284,03/13/2022 03,01:49,65.0,2022-03-13,03,10313
2283,03/13/2022 03,01:52,60.79,2022-03-13,03,10289
2282,03/13/2022 04,03:00,60.79,2022-03-13,04,10294
2281,03/13/2022 04,03:11,65.0,2022-03-13,04,10356
2280,03/13/2022 04,03:13,65.81,2022-03-13,04,10400
2279,03/13/2022 04,03:44,67.55,2022-03-13,04,10451
2278,03/13/2022 04,03:45,69.52,2022-03-13,04,10496
2277,03/13/2022 04,03:48,69.97,2022-03-13,04,10515
2276,03/13/2022 05,04:00,69.97,2022-03-13,05,10363
2275,03/13/2022 05,04:24,73.11,2022-03-13,05,10453
2274,03/13/2022 05,04:46,72.79,2022-03-13,05,10403
2273,03/13/2022 06,05:00,73.06,2022-03-13,06,10416
2272,03/13/2022 06,05:47,72.76,2022-03-13,06,10386
2271,03/13/2022 07,06:00,72.78,2022-03-13,07,10813
2270,03/13/2022 07,06:03,73.01,2022-03-13,07,10863
2269,03/13/2022 07,06:20,73.6,2022-03-13,07,10913
2268,03/13/2022 07,06:51,73.21,2022-03-13,07,10893
2267,03/13/2022 07,06:55,72.78,2022-03-13,07,10813
2266,03/13/2022 08,07:00,72.99,2022-03-13,08,10962
2265,03/13/2022 08,07:05,70.15,2022-03-13,08,10922
2264,03/13/2022 08,07:07,68.62,2022-03-13,08,10865
2263,03/13/2022 08,07:17,70.15,2022-03-13,08,10922
2262,03/13/2022 08,07:27,72.99,2022-03-13,08,10962
2261,03/13/2022 08,07:35,73.15,2022-03-13,08,11042
2260,03/13/2022 09,08:00,73.29,2022-03-13,09,10816
2259,03/13/2022 09,08:09,73.41,2022-03-13,09,10846
2258,03/13/2022 09,08:21,73.29,2022-03-13,09,10816
2257,03/13/2022 09,08:45,72.82,2022-03-13,09,10765
2256,03/13/2022 09,08:47,70.15,2022-03-13,09,10725
2255,03/13/2022 09,08:50,69.66,2022-03-13,09,10682
2254,03/13/2022 10,09:00,69.66,2022-03-13,10,10910
2253,03/13/2022 10,09:11,70.15,2022-03-13,10,10954
2252,03/13/2022 11,10:00,70.15,2022-03-13,11,11023
2251,03/13/2022 11,10:32,69.66,2022-03-13,11,10979
2250,03/13/2022 11,10:40,68.62,2022-03-13,11,10965
2249,03/13/2022 12,11:00,69.11,2022-03-13,12,10950
2248,03/13/2022 12,11:04,70.15,2022-03-13,12,11007
2247,03/13/2022 13,12:00,70.15,2022-03-13,13,11014
2246,03/13/2022 13,12:31,72.66,2022-03-13,13,11054
2245,03/13/2022 14,13:00,73.32,2022-03-13,14,11144
2244,03/13/2022 14,13:31,70.15,2022-03-13,14,11053
2243,03/13/2022 14,13:39,68.62,2022-03-13,14,10996
2242,03/13/2022 15,14:00,69.66,2022-03-13,15,11005
2241,03/13/2022 15,14:10,66.22,2022-03-13,15,10871
2240,03/13/2022 15,14:33,68.23,2022-03-13,15,10939
2239,03/13/2022 16,15:00,66.22,2022-03-13,16,10959
2238,03/13/2022 16,15:04,65.24,2022-03-13,16,10914
2237,03/13/2022 16,15:13,65.02,2022-03-13,16,10846
2236,03/13/2022 17,16:00,65.0,2022-03-13,17,10800
2235,03/13/2022 17,16:05,63.95,2022-03-13,17,10775
2234,03/13/2022 17,16:20,55.0,2022-03-13,17,10692
2233,03/13/2022 17,16:56,65.22,2022-03-13,17,10880
2232,03/13/2022 18,17:00,65.22,2022-03-13,18,10889
2231,03/13/2022 18,17:24,68.23,2022-03-13,18,11003
2230,03/13/2022 19,18:00,68.23,2022-03-13,19,11032
2229,03/13/2022 19,18:45,69.66,2022-03-13,19,11098
2228,03/13/2022 20,19:00,69.66,2022-03-13,20,11092
2227,03/13/2022 20,19:21,72.72,2022-03-13,20,11175
2226,03/13/2022 20,19:37,72.96,2022-03-13,20,11225
2225,03/13/2022 20,19:52,73.26,2022-03-13,20,11256
2224,03/13/2022 20,19:55,73.05,2022-03-13,20,11255
2223,03/13/2022 21,20:00,73.45,2022-03-13,21,11186
2222,03/13/2022 21,20:07,73.23,2022-03-13,21,11155
2221,03/13/2022 21,20:26,72.67,2022-03-13,21,11105
2220,03/13/2022 21,20:29,70.15,2022-03-13,21,11065
2219,03/13/2022 21,20:35,68.62,2022-03-13,21,11008
2218,03/13/2022 22,21:00,68.62,2022-03-13,22,10820
2217,03/13/2022 22,21:16,66.22,2022-03-13,22,10768
2216,03/13/2022 22,21:39,65.0,2022-03-13,22,10723
2215,03/13/2022 22,21:46,63.95,2022-03-13,22,10695
2214,03/13/2022 22,21:52,63.45,2022-03-13,22,10695
2213,03/13/2022 23,22:00,63.45,2022-03-13,23,10632
2212,03/13/2022 23,22:10,63.25,2022-03-13,23,10563
2211,03/13/2022 23,22:21,55.0,2022-03-13,23,10480
2210,03/13/2022 23,22:40,52.2,2022-03-13,23,10445
2209,03/13/2022 23,22:44,50.21,2022-03-13,23,10407
2208,03/13/2022 24,23:00,54.62,2022-03-13,24,10478
2207,03/13/2022 24,23:08,54.31,2022-03-13,24,10408
2206,03/13/2022 24,23:12,52.46,2022-03-13,24,10348
2205,03/13/2022 24,23:34,54.31,2022-03-13,24,10408
2204,03/13/2022 24,23:38,54.62,2022-03-13,24,10478
2203,03/13/2022 24,23:47,55.7,2022-03-13,24,10575
2202,03/13/2022 24,23:50,60.0,2022-03-13,24,10610
2201,03/13/2022 24,23:51,63.95,2022-03-13,24,10673
2200,03/14/2022 01,24:00,114.0,2022-03-14,01,11014
2199,03/14/2022 01,24:05,111.0,2022-03-14,01,10974
2198,03/14/2022 01,24:15,105.4,2022-03-14,01,10939
2197,03/14/2022 01,24:17,95.0,2022-03-14,01,10902
2196,03/14/2022 01,24:20,72.66,2022-03-14,01,10476
2195,03/14/2022 01,24:33,69.91,2022-03-14,01,10386
2194,03/14/2022 01,24:37,67.91,2022-03-14,01,10327
2193,03/14/2022 01,24:45,66.21,2022-03-14,01,10276
2192,03/14/2022 02,01:00,66.21,2022-03-14,02,10262
2191,03/14/2022 02,01:03,69.66,2022-03-14,02,10327
2190,03/14/2022 03,02:00,69.66,2022-03-14,03,10331
2189,03/14/2022 03,02:03,67.91,2022-03-14,03,10317
2188,03/14/2022 03,02:41,66.21,2022-03-14,03,10266
2187,03/14/2022 04,03:00,66.21,2022-03-14,04,10225
2186,03/14/2022 04,03:42,63.95,2022-03-14,04,10181
2185,03/14/2022 04,03:48,62.07,2022-03-14,04,10181
2184,03/14/2022 04,03:53,60.0,2022-03-14,04,10113
2183,03/14/2022 05,04:00,60.0,2022-03-14,05,10113
2182,03/14/2022 05,04:05,55.37,2022-03-14,05,9985
2181,03/14/2022 05,04:15,48.27,2022-03-14,05,9681
2180,03/14/2022 05,04:28,52.81,2022-03-14,05,9851
2179,03/14/2022 05,04:41,52.2,2022-03-14,05,9766
2178,03/14/2022 06,05:00,50.18,2022-03-14,06,9732
2177,03/14/2022 06,05:05,52.2,2022-03-14,06,9853
2176,03/14/2022 06,05:11,52.2,2022-03-14,06,9853
2175,03/14/2022 06,05:33,53.92,2022-03-14,06,9913
2174,03/14/2022 06,05:39,60.0,2022-03-14,06,10115
2173,03/14/2022 07,06:00,62.07,2022-03-14,07,10158
2172,03/14/2022 07,06:19,66.21,2022-03-14,07,10265
2171,03/14/2022 08,07:00,70.96,2022-03-14,08,10618
2170,03/14/2022 08,07:04,72.99,2022-03-14,08,10658
2169,03/14/2022 08,07:08,73.15,2022-03-14,08,10738
2168,03/14/2022 08,07:27,74.11,2022-03-14,08,10828
2167,03/14/2022 09,08:00,74.34,2022-03-14,09,10584
2166,03/14/2022 09,08:30,73.92,2022-03-14,09,10444
2165,03/14/2022 10,09:00,74.23,2022-03-14,10,10578
2164,03/14/2022 10,09:08,75.81,2022-03-14,10,10620
2163,03/14/2022 10,09:19,79.71,2022-03-14,10,10675
2162,03/14/2022 11,10:00,79.71,2022-03-14,11,10506
2161,03/14/2022 11,10:31,80.36,2022-03-14,11,10551
2160,03/14/2022 11,10:40,85.0,2022-03-14,11,10566
2159,03/14/2022 11,10:44,73.93,2022-03-14,11,10339
2158,03/14/2022 12,11:00,73.8,2022-03-14,12,10493
2157,03/14/2022 12,11:06,73.02,2022-03-14,12,10443
2156,03/14/2022 12,11:08,70.01,2022-03-14,12,10351
2155,03/14/2022 12,11:11,60.0,2022-03-14,12,10197
2154,03/14/2022 12,11:14,58.5,2022-03-14,12,10066
2153,03/14/2022 12,11:29,59.61,2022-03-14,12,10162
2152,03/14/2022 12,11:45,66.75,2022-03-14,12,10242
2151,03/14/2022 13,12:00,72.66,2022-03-14,13,10388
2150,03/14/2022 13,12:11,73.37,2022-03-14,13,10468
2149,03/14/2022 13,12:40,72.66,2022-03-14,13,10388
2148,03/14/2022 14,13:00,72.98,2022-03-14,14,10521
2147,03/14/2022 14,13:06,69.66,2022-03-14,14,10435
2146,03/14/2022 14,13:11,60.0,2022-03-14,14,10301
2145,03/14/2022 14,13:12,59.0,2022-03-14,14,10201
2144,03/14/2022 15,14:00,59.61,2022-03-14,15,10143
2143,03/14/2022 15,14:25,48.6,2022-03-14,15,10017
2142,03/14/2022 15,14:36,52.2,2022-03-14,15,10075
2141,03/14/2022 15,14:44,59.61,2022-03-14,15,10143
2140,03/14/2022 16,15:00,52.2,2022-03-14,16,10139
2139,03/14/2022 16,15:04,48.27,2022-03-14,16,10057
2138,03/14/2022 17,16:00,48.27,2022-03-14,17,10100
2137,03/14/2022 17,16:17,49.85,2022-03-14,17,10149
2136,03/14/2022 18,17:00,45.0,2022-03-14,18,9978
2135,03/14/2022 18,17:26,48.27,2022-03-14,18,10058
2134,03/14/2022 18,17:38,48.6,2022-03-14,18,10082
2133,03/14/2022 18,17:43,52.2,2022-03-14,18,10142
2132,03/14/2022 19,18:00,52.2,2022-03-14,19,10158
2131,03/14/2022 19,18:03,51.36,2022-03-14,19,10122
2130,03/14/2022 19,18:12,49.85,2022-03-14,19,10055
2129,03/14/2022 19,18:14,48.6,2022-03-14,19,10031
2128,03/14/2022 20,19:00,59.95,2022-03-14,20,10146
2127,03/14/2022 20,19:10,51.36,2022-03-14,20,10043
2126,03/14/2022 20,19:47,52.2,2022-03-14,20,10080
2125,03/14/2022 21,20:00,59.95,2022-03-14,21,10054
2124,03/14/2022 21,20:22,60.0,2022-03-14,21,10089
2123,03/14/2022 21,20:48,65.0,2022-03-14,21,10107
2122,03/14/2022 21,20:53,66.75,2022-03-14,21,10152
2121,03/14/2022 22,21:00,70.01,2022-03-14,22,10076
2120,03/14/2022 22,21:05,72.83,2022-03-14,22,10118
2119,03/14/2022 22,21:09,70.01,2022-03-14,22,10076
2118,03/14/2022 22,21:18,69.66,2022-03-14,22,10033
2117,03/14/2022 22,21:23,68.61,2022-03-14,22,10024
2116,03/14/2022 22,21:27,66.75,2022-03-14,22,9972
2115,03/14/2022 22,21:30,60.0,2022-03-14,22,9927
2114,03/14/2022 22,21:31,59.95,2022-03-14,22,9892
2113,03/14/2022 23,22:00,60.0,2022-03-14,23,9880
2112,03/14/2022 23,22:10,59.95,2022-03-14,23,9845
2111,03/14/2022 24,23:00,59.95,2022-03-14,24,9767
2110,03/14/2022 24,23:13,55.7,2022-03-14,24,9704
2109,03/14/2022 24,23:20,54.62,2022-03-14,24,9607
2108,03/14/2022 24,23:31,54.31,2022-03-14,24,9537
